Freeze Brand,Ear Tag,Breed,Sex,Date Of Birth,Date Of Acquisition,Age when acquired,Purchased From,Date Of Disposal,Disposed Of To,Date Of Death,Manner and Place of Destruction,Location,Group,Fqas,EID,Name,Age(mths),Age(days),
,UK106198300921,Aberdeen-Angus,Male,18/04/2016,30/05/2017,1 yrs  1 mths,,03/02/2020,Market,,,,0,,982000176126162,,46,1386,
,UK106710502626,HOLSTEIN FRIESIAN,Female,01/09/2017,01/09/2017,0 yrs  0 mths,,12/02/2020,31/377/0042 Nafferton Farm,,,,0,,982000176126188,,29,894,
,UK106710602634,HOLSTEIN FRIESIAN,Female,14/09/2017,14/09/2017,0 yrs  0 mths,,12/02/2020,31/377/0042 Nafferton Farm,,,,0,,982000176126189,,29,881,
,UK106710602641,HOLSTEIN FRIESIAN,Female,06/10/2017,06/10/2017,0 yrs  0 mths,,12/02/2020,31/377/0042 Nafferton Farm,,,,0,,982000176126191,,28,859,
2645,UK106710302645,HOLSTEIN FRIESIAN,Female,17/10/2017,17/10/2017,0 yrs  0 mths,,08/06/2020,31/377/0042 Nafferton Farm,,,,0,,982000176126192,,32,965,
2653,UK106710402653,HOLSTEIN FRIESIAN,Female,08/11/2017,08/11/2017,0 yrs  0 mths,,08/06/2020,31/377/0042 Nafferton Farm,,,,0,,982000176126193,,31,943,
2655,UK106710602655,HOLSTEIN FRIESIAN,Female,10/11/2017,10/11/2017,0 yrs  0 mths,,29/11/2019,Market,,,,0,,982000176126194,,24,749,
,UK106710402660,HOLSTEIN FRIESIAN,Female,15/11/2017,15/11/2017,0 yrs  0 mths,,12/02/2020,31/377/0042 Nafferton Farm,,,,0,,982000176126195,,27,819,
2661,UK106710502661,HOLSTEIN FRIESIAN,Female,30/11/2017,30/11/2017,0 yrs  0 mths,,08/06/2020,31/377/0042 Nafferton Farm,,,,0,,982000176126196,,30,921,
2665,UK106710202665,HOLSTEIN FRIESIAN,Female,09/12/2017,09/12/2017,0 yrs  0 mths,,29/11/2019,Market,,,,0,,982000176126197,,24,720,
2666,UK106710302666,HOLSTEIN FRIESIAN,Female,10/12/2017,10/12/2017,0 yrs  0 mths,,29/11/2019,Market,,,,0,,982000176126198,,23,719,
,UK106710402667,HOLSTEIN FRIESIAN,Female,10/12/2017,10/12/2017,0 yrs  0 mths,,23/02/2020,31/377/0042 Nafferton Farm,,,,0,,0,,26,805,
2670,UK106710702670,HOLSTEIN FRIESIAN,Female,13/12/2017,13/12/2017,0 yrs  0 mths,,08/06/2020,31/377/0042 Nafferton Farm,,,,0,,982000176126200,,30,908,
2672,UK106710202672,HOLSTEIN FRIESIAN,Female,15/12/2017,15/12/2017,0 yrs  0 mths,,29/11/2019,Market,,,,0,,982000176126201,,23,714,
2679,UK106710202679,HOLSTEIN FRIESIAN,Female,05/01/2018,05/01/2018,0 yrs  0 mths,,08/06/2020,31/377/0042 Nafferton Farm,,,,0,,982000176126203,,29,885,
,UK106710402681,HOLSTEIN FRIESIAN,Female,09/01/2018,09/01/2018,0 yrs  0 mths,,08/06/2020,31/377/0042 Nafferton Farm,,,,0,,0,,29,881,
2683,UK106710602683,HOLSTEIN FRIESIAN,Female,13/01/2018,13/01/2018,0 yrs  0 mths,,08/06/2020,31/377/0042 Nafferton Farm,,,,0,,982000176126205,,29,877,
2686,UK106710202686,HOLSTEIN FRIESIAN,Female,16/01/2018,16/01/2018,0 yrs  0 mths,,08/06/2020,31/377/0042 Nafferton Farm,,,,0,,982000176126206,,29,874,
2688,UK106710402688,HOLSTEIN FRIESIAN,Female,21/01/2018,21/01/2018,0 yrs  0 mths,,27/05/2020,linden foods,,,,0,,982000176126207,,28,857,
2691,UK106710702691,HOLSTEIN FRIESIAN,Female,22/01/2018,22/01/2018,0 yrs  0 mths,,08/06/2020,31/377/0042 Nafferton Farm,,,,0,,982000176126208,,28,868,
2697,UK106710602697,HOLSTEIN FRIESIAN,Female,05/02/2018,05/02/2018,0 yrs  0 mths,,08/06/2020,31/377/0042 Nafferton Farm,,,,0,,982000176126209,,28,854,
2710,UK106710502710,HOLSTEIN FRIESIAN,Female,16/03/2018,16/03/2018,0 yrs  0 mths,,,,01/11/2018,Warrens,,0,,982000176126210,,7,230,
2717,UK106710502717,HOLSTEIN FRIESIAN,Female,21/03/2018,21/03/2018,0 yrs  0 mths,,08/06/2020,31/377/0042 Nafferton Farm,,,,0,,982000176126211,,27,810,
2719,UK106710702719,HOLSTEIN FRIESIAN,Female,25/03/2018,25/03/2018,0 yrs  0 mths,,08/06/2020,31/377/0042 Nafferton Farm,,,,0,,982000176126212,,26,806,
2720,UK106710102720,HOLSTEIN FRIESIAN,Female,25/03/2018,25/03/2018,0 yrs  0 mths,,08/06/2020,31/377/0042 Nafferton Farm,,,,0,,982000176126213,,26,806,
2738,UK106710502738,HOLSTEIN FRIESIAN,Female,12/04/2018,12/04/2018,0 yrs  0 mths,,14/05/2020,31/377/0042 Nafferton Farm,,,,0,,982000176126215,,25,763,
,UK106710402737,HOLSTEIN FRIESIAN,Female,12/04/2018,12/04/2018,0 yrs  0 mths,,08/06/2020,31/377/0042 Nafferton Farm,,,,0,,0,,26,788,
2743,UK106710302743,HOLSTEIN FRIESIAN,Female,19/04/2018,19/04/2018,0 yrs  0 mths,,14/05/2020,31/377/0042 Nafferton Farm,,,,0,,982000176126216,,25,756,
2746,UK106710602746,HOLSTEIN FRIESIAN,Female,22/04/2018,22/04/2018,0 yrs  0 mths,,14/05/2020,31/377/0042 Nafferton Farm,,,,0,,982000176126217,,25,753,
2754,UK106710702754,HOLSTEIN FRIESIAN,Female,05/05/2018,05/05/2018,0 yrs  0 mths,,14/05/2020,31/377/0042 Nafferton Farm,,,,0,,982000176126218,,24,740,
2757,UK106710302757,HOLSTEIN FRIESIAN,Female,13/05/2018,13/05/2018,0 yrs  0 mths,,14/05/2020,31/377/0042 Nafferton Farm,,,,0,,982000176126219,,24,732,
2758,UK106710402758,HOLSTEIN FRIESIAN,Female,14/05/2018,14/05/2018,0 yrs  0 mths,,14/05/2020,31/377/0042 Nafferton Farm,,,,0,,982000176126220,,24,731,
2759,UK106710502759,HOLSTEIN FRIESIAN,Female,15/05/2018,15/05/2018,0 yrs  0 mths,,12/02/2020,31/377/0042 Nafferton Farm,,,,0,,982000176126221,,21,638,
,UK106710102566,Holstein,Female,24/04/2017,28/05/2018,1 yrs  1 mths,,12/02/2020,31/377/0042 Nafferton Farm,,,,0,,982000176126172,,34,1024,
,UK106710402639,HOLSTEIN FRIESIAN,Female,02/10/2017,28/05/2018,0 yrs  7 mths,,12/02/2020,31/377/0042 Nafferton Farm,,,,0,,982000176126190,,28,863,
,UK106710102678,HOLSTEIN FRIESIAN,Female,04/01/2018,28/05/2018,0 yrs  4 mths,,08/06/2020,31/377/0042 Nafferton Farm,,,,0,,0,,29,886,
2659,UK107189402659,Swedish Red X,Female,12/10/2016,01/06/2018,1 yrs  8 mths,,12/02/2020,31/377/0042 Nafferton Farm,,,,0,,982000176126222,,40,1218,
,UK107189602675,Swedish Red X,Female,24/10/2016,01/06/2018,1 yrs  8 mths,,12/02/2020,31/377/0042 Nafferton Farm,,,,0,,982000176126224,,40,1206,
,UK107189702683,Swedish Red X,Female,03/11/2016,01/06/2018,1 yrs  7 mths,,12/02/2020,31/377/0042 Nafferton Farm,,,,0,,982000176126225,,39,1196,
,UK107189702774,Swedish Red X,Female,02/03/2017,01/06/2018,1 yrs  3 mths,,12/02/2020,31/377/0042 Nafferton Farm,,,,0,,982000176126231,,35,1077,
2783,UK107189202783,BRITISH FRIESIAN X,Female,15/03/2017,01/06/2018,1 yrs  3 mths,,04/02/2021,31/377/0042 Nafferton Farm,,,,0,,982000176126233,,47,1422,
2833,UK107189302833,HOLSTEIN FRIESIAN,Female,29/08/2017,20/07/2018,0 yrs  11 mths,,27/05/2020,linden foods,,,,0,,982000176126248,,33,1002,
,UK107189102852,BRITISH FRIESIAN X,Female,27/09/2017,20/07/2018,0 yrs  10 mths,,12/02/2020,31/377/0042 Nafferton Farm,,,,0,,982000176126256,,28,868,
,UK107189202860,Swedish Red X,Female,10/10/2017,20/07/2018,0 yrs  9 mths,,12/02/2020,31/377/0042 Nafferton Farm,,,,0,,982000176126261,,28,855,
,UK107189302861,HOLSTEIN FRIESIAN,Female,11/10/2017,20/07/2018,0 yrs  9 mths,,12/02/2020,31/377/0042 Nafferton Farm,,,,0,,982000176126262,,28,854,
,UK107189502863,HOLSTEIN FRIESIAN X,Female,11/10/2017,20/07/2018,0 yrs  9 mths,,12/02/2020,31/377/0042 Nafferton Farm,,,,0,,982000176126263,,28,854,
,UK107189702865,HOLSTEIN FRIESIAN,Female,15/10/2017,20/07/2018,0 yrs  9 mths,,12/02/2020,31/377/0042 Nafferton Farm,,,,0,,982000176126264,,28,850,
,UK107189202867,HOLSTEIN FRIESIAN X,Female,18/10/2017,20/07/2018,0 yrs  9 mths,,12/02/2020,31/377/0042 Nafferton Farm,,,,0,,982000176126265,,28,847,
2869,UK107189402869,Swedish Red X,Female,23/10/2017,20/07/2018,0 yrs  9 mths,,08/06/2020,31/377/0042 Nafferton Farm,,,,0,,982000176126266,,31,959,
2870,UK107189502870,Swedish Red X,Female,23/10/2017,20/07/2018,0 yrs  9 mths,,29/11/2019,Market,,,,0,,982000176126267,,25,767,
2871,UK107189602871,Swedish Red X,Female,23/10/2017,20/07/2018,0 yrs  9 mths,,08/06/2020,31/377/0042 Nafferton Farm,,,,0,,982000176126268,,31,959,
2872,UK107189702872,HOLSTEIN FRIESIAN,Female,24/10/2017,20/07/2018,0 yrs  9 mths,,08/06/2020,31/377/0042 Nafferton Farm,,,,0,,982000176126269,,31,958,
,UK107189102873,HOLSTEIN FRIESIAN X,Female,28/10/2017,20/07/2018,0 yrs  9 mths,,12/02/2020,31/377/0042 Nafferton Farm,,,,0,,982000176126270,,27,837,
,UK107189202874,Swedish Red X,Female,28/10/2017,20/07/2018,0 yrs  9 mths,,12/02/2020,31/377/0042 Nafferton Farm,,,,0,,982000176126271,,27,837,
2875,UK107189302875,Swedish Red X,Female,28/10/2017,20/07/2018,0 yrs  9 mths,,08/06/2020,31/377/0042 Nafferton Farm,,,,0,,982000176126272,,31,954,
2876,UK107189402876,Swedish Red X,Female,28/10/2017,20/07/2018,0 yrs  9 mths,,08/06/2020,31/377/0042 Nafferton Farm,,,,0,,982000176126273,,31,954,
2878,UK107189602878,Swedish Red X,Female,30/10/2017,20/07/2018,0 yrs  9 mths,,08/06/2020,31/377/0042 Nafferton Farm,,,,0,,982000176126274,,31,952,
,UK107189402883,HOLSTEIN FRIESIAN,Female,07/11/2017,20/07/2018,0 yrs  8 mths,,12/02/2020,31/377/0042 Nafferton Farm,,,,0,,982000176126275,,27,827,
2884,UK107189502884,HOLSTEIN FRIESIAN,Female,07/11/2017,20/07/2018,0 yrs  8 mths,,14/05/2020,31/377/0042 Nafferton Farm,,,,0,,982000176126276,,30,919,
2886,UK107189702886,BRITISH FRIESIAN X,Female,07/11/2017,20/07/2018,0 yrs  8 mths,,08/06/2020,31/377/0042 Nafferton Farm,,,,0,,982000176126277,,31,944,
,UK107189202888,HOLSTEIN FRIESIAN,Female,08/11/2017,20/07/2018,0 yrs  8 mths,,12/02/2020,31/377/0042 Nafferton Farm,,,,0,,982000176126278,,27,826,
,UK107189302889,HOLSTEIN FRIESIAN X,Female,12/11/2017,20/07/2018,0 yrs  8 mths,,12/02/2020,31/377/0042 Nafferton Farm,,,,0,,982000176126279,,27,822,
,UK107189602892,HOLSTEIN FRIESIAN,Female,17/11/2017,20/07/2018,0 yrs  8 mths,,12/02/2020,31/377/0042 Nafferton Farm,,,,0,,982000176126280,,27,817,
,UK107189102894,HOLSTEIN FRIESIAN,Female,21/11/2017,20/07/2018,0 yrs  8 mths,,12/02/2020,31/377/0042 Nafferton Farm,,,,0,,982000176126281,,27,813,
,UK107189402897,HOLSTEIN FRIESIAN,Female,22/11/2017,20/07/2018,0 yrs  8 mths,,12/02/2020,31/377/0042 Nafferton Farm,,,,0,,982000176126283,,27,812,
2900,UK107189702900,HOLSTEIN FRIESIAN,Female,22/11/2017,20/07/2018,0 yrs  8 mths,,08/06/2020,31/377/0042 Nafferton Farm,,,,0,,982000176126285,,30,929,
,UK107189102901,HOLSTEIN FRIESIAN,Female,23/11/2017,20/07/2018,0 yrs  8 mths,,12/02/2020,31/377/0042 Nafferton Farm,,,,0,,982000176126286,,27,811,
,UK107189202902,HOLSTEIN FRIESIAN,Female,24/11/2017,20/07/2018,0 yrs  8 mths,,12/02/2020,31/377/0042 Nafferton Farm,,,,0,,982000176126287,,27,810,
2911,UK107189402911,HOLSTEIN FRIESIAN,Female,05/12/2017,20/07/2018,0 yrs  7 mths,,08/06/2020,31/377/0042 Nafferton Farm,,,,0,,982000176126289,,30,916,
2918,UK107189402918,HOLSTEIN FRIESIAN,Female,23/12/2017,20/07/2018,0 yrs  7 mths,,08/06/2020,31/377/0042 Nafferton Farm,,,,0,,982000176126290,,29,898,
2920,UK107189602920,HOLSTEIN FRIESIAN,Female,28/12/2017,20/07/2018,0 yrs  7 mths,,08/06/2020,31/377/0042 Nafferton Farm,,,,0,,982000176126291,,29,893,
2924,UK107189302924,HOLSTEIN FRIESIAN,Female,12/01/2018,20/07/2018,0 yrs  6 mths,,08/06/2020,31/377/0042 Nafferton Farm,,,,0,,982000176126292,,29,878,
2925,UK107189402925,HOLSTEIN FRIESIAN,Female,14/01/2018,20/07/2018,0 yrs  6 mths,,08/06/2020,31/377/0042 Nafferton Farm,,,,0,,982000176126293,,29,876,
2926,UK107189502926,HOLSTEIN FRIESIAN,Female,14/01/2018,20/07/2018,0 yrs  6 mths,,08/06/2020,31/377/0042 Nafferton Farm,,,,0,,982000176126294,,29,876,
2927,UK107189602927,Swedish Red X,Female,14/01/2018,20/07/2018,0 yrs  6 mths,,27/05/2020,linden foods,,,,0,,982000176126295,,28,864,
2929,UK107189102929,HOLSTEIN FRIESIAN,Female,18/01/2018,20/07/2018,0 yrs  6 mths,,08/06/2020,31/377/0042 Nafferton Farm,,,,0,,982000176126296,,29,872,
2933,UK107189502933,HOLSTEIN FRIESIAN,Female,30/01/2018,20/07/2018,0 yrs  6 mths,,14/05/2020,31/377/0042 Nafferton Farm,,,,0,,982000176126297,,27,835,
2934,UK107189602934,HOLSTEIN FRIESIAN,Female,30/01/2018,20/07/2018,0 yrs  6 mths,,08/06/2020,31/377/0042 Nafferton Farm,,,,0,,982000176126298,,28,860,
2935,UK107189702935,HOLSTEIN FRIESIAN,Female,30/01/2018,20/07/2018,0 yrs  6 mths,,14/05/2020,31/377/0042 Nafferton Farm,,,,0,,982000176126299,,27,835,
2936,UK107189102936,NORWEGIAN RED X,Female,30/01/2018,20/07/2018,0 yrs  6 mths,,08/06/2020,31/377/0042 Nafferton Farm,,,,0,,982000176126300,,28,860,
2937,UK107189202937,HOLSTEIN FRIESIAN,Female,01/02/2018,20/07/2018,0 yrs  5 mths,,08/06/2020,31/377/0042 Nafferton Farm,,,,0,,982000176126301,,28,858,
2938,UK107189302938,NORWEGIAN RED X,Female,01/02/2018,20/07/2018,0 yrs  5 mths,,08/06/2020,31/377/0042 Nafferton Farm,,,,0,,982000176126302,,28,858,
2940,UK107189502940,HOLSTEIN FRIESIAN,Female,01/02/2018,20/07/2018,0 yrs  5 mths,,08/06/2020,31/377/0042 Nafferton Farm,,,,0,,982000176126303,,28,858,
2946,UK107189402946,HOLSTEIN FRIESIAN,Female,09/02/2018,20/07/2018,0 yrs  5 mths,,08/06/2020,31/377/0042 Nafferton Farm,,,,0,,982000176126304,,28,850,
2948,UK107189602948,HOLSTEIN FRIESIAN X,Female,09/02/2018,20/07/2018,0 yrs  5 mths,,27/05/2020,linden foods,,,,0,,982000176126305,,27,838,
,UK107189302910,HOLSTEIN FRIESIAN,Female,04/12/2017,20/07/2018,0 yrs  7 mths,,23/02/2020,31/377/0042 Nafferton Farm,,,,0,,0,,27,811,
,UK107189202895,HOLSTEIN FRIESIAN,Female,21/11/2017,20/07/2018,0 yrs  8 mths,,23/02/2020,31/377/0042 Nafferton Farm,,,,0,,0,,27,824,
,UK107189502898,HOLSTEIN FRIESIAN,Female,22/11/2017,20/07/2018,0 yrs  8 mths,,23/02/2020,31/377/0042 Nafferton Farm,,,,0,,0,,27,823,
2951,UK107189202951,HOLSTEIN FRIESIAN,Female,11/02/2018,14/08/2018,0 yrs  6 mths,,08/06/2020,31/377/0042 Nafferton Farm,,,,0,,982000176126306,,28,848,
2952,UK107189302952,HOLSTEIN FRIESIAN,Female,11/02/2018,14/08/2018,0 yrs  6 mths,,08/06/2020,31/377/0042 Nafferton Farm,,,,0,,982000176126307,,28,848,
,UK107189602962,HOLSTEIN FRIESIAN,Female,26/02/2018,14/08/2018,0 yrs  6 mths,,12/02/2020,31/377/0042 Nafferton Farm,,,,0,,982000176126308,,23,716,
2963,UK107189702963,HOLSTEIN FRIESIAN,Female,26/02/2018,14/08/2018,0 yrs  6 mths,,08/06/2020,31/377/0042 Nafferton Farm,,,,0,,982000176126309,,27,833,
2977,UK107189702977,HOLSTEIN FRIESIAN,Female,07/03/2018,14/08/2018,0 yrs  5 mths,,08/06/2020,31/377/0042 Nafferton Farm,,,,0,,982000176126310,,27,824,
2979,UK107189202979,HOLSTEIN FRIESIAN,Female,09/03/2018,14/08/2018,0 yrs  5 mths,,08/06/2020,31/377/0042 Nafferton Farm,,,,0,,982000176126311,,27,822,
2980,UK107189302980,HOLSTEIN FRIESIAN,Female,09/03/2018,14/08/2018,0 yrs  5 mths,,08/06/2020,31/377/0042 Nafferton Farm,,,,0,,982000176126312,,27,822,
2988,UK107189402988,HOLSTEIN FRIESIAN,Female,18/03/2018,14/08/2018,0 yrs  5 mths,,08/06/2020,31/377/0042 Nafferton Farm,,,,0,,982000176126313,,27,813,
3000,UK107189203000,HOLSTEIN FRIESIAN,Female,29/03/2018,14/08/2018,0 yrs  5 mths,,08/06/2020,31/377/0042 Nafferton Farm,,,,0,,982000176126314,,26,802,
3001,UK107189303001,HOLSTEIN FRIESIAN X,Female,30/03/2018,14/08/2018,0 yrs  5 mths,,08/06/2020,31/377/0042 Nafferton Farm,,,,0,,982000176126315,,26,801,
3009,UK107189403009,HOLSTEIN FRIESIAN,Female,25/04/2018,14/08/2018,0 yrs  4 mths,,08/06/2020,31/377/0042 Nafferton Farm,,,,0,,0,,25,775,
3010,UK107189503010,HOLSTEIN FRIESIAN,Female,27/04/2018,14/08/2018,0 yrs  4 mths,,08/06/2020,31/377/0042 Nafferton Farm,,,,0,,982000176126317,,25,773,
3011,UK107189603011,HOLSTEIN FRIESIAN,Female,29/04/2018,14/08/2018,0 yrs  4 mths,,14/05/2020,31/377/0042 Nafferton Farm,,,,0,,982000176126318,,24,746,
3013,UK107189103013,HOLSTEIN FRIESIAN,Female,13/05/2018,14/08/2018,0 yrs  3 mths,,08/06/2020,31/377/0042 Nafferton Farm,,,,0,,982000176126319,,25,757,
3019,UK107189703019,HOLSTEIN FRIESIAN,Female,30/05/2018,20/09/2018,0 yrs  4 mths,,14/05/2020,31/377/0042 Nafferton Farm,,,,0,,982000176126320,,23,715,
3020,UK107189103020,HOLSTEIN FRIESIAN,Female,30/05/2018,20/09/2018,0 yrs  4 mths,,,,21/02/2020,Warrens,,0,,982000176126321,,21,632,
3021,UK107189203021,HOLSTEIN FRIESIAN,Female,02/06/2018,20/09/2018,0 yrs  3 mths,,14/05/2020,31/377/0042 Nafferton Farm,,,,0,,982000176126322,,23,712,
3026,UK107189703026,Holstein,Female,26/06/2018,20/09/2018,0 yrs  3 mths,,08/06/2020,31/377/0042 Nafferton Farm,,,,0,,982000176126323,,23,713,
3027,UK107189103027,Holstein,Female,26/06/2018,20/09/2018,0 yrs  3 mths,,08/06/2020,31/377/0042 Nafferton Farm,,,,0,,982000176126324,,23,713,
3029,UK107189303029,Holstein,Female,26/06/2018,20/09/2018,0 yrs  3 mths,,27/05/2020,linden foods,,,,0,,982000176126325,,23,701,
3035,UK107189203035,Holstein,Female,27/06/2018,20/09/2018,0 yrs  3 mths,,08/06/2020,31/377/0042 Nafferton Farm,,,,0,,982000176126326,,23,712,
3038,UK107189503038,Holstein,Female,27/06/2018,20/09/2018,0 yrs  3 mths,,12/02/2020,31/377/0042 Nafferton Farm,,,,0,,982000176126327,,19,595,
3047,UK107189703047,HOLSTEIN FRIESIAN,Female,10/07/2018,20/09/2018,0 yrs  2 mths,,,,08/02/2019,Warrens,,0,,982000176126328,,7,213,
,UK106710202518,HOLSTEIN FRIESIAN,Female,04/02/2017,01/10/2018,1 yrs  8 mths,,11/02/2020,31/377/0042 Nafferton Farm,,,,0,,982000176126163,,36,1102,
2536,UK106710602536,HOLSTEIN FRIESIAN,Female,05/03/2017,01/10/2018,1 yrs  7 mths,,29/11/2019,Market,,,,0,,982000176126165,,33,999,
72,UK106710402541,HOLSTEIN FRIESIAN,Female,09/03/2017,01/10/2018,1 yrs  7 mths,,,31/377/0042 Nafferton Farm,19/11/2020,Warrens Deadstock,,0,,0,,45,1351,
,UK106710502542,HOLSTEIN FRIESIAN,Female,09/03/2017,01/10/2018,1 yrs  7 mths,,12/02/2020,31/377/0042 Nafferton Farm,,,,0,,982000176126168,,35,1070,
,UK106710302554,HOLSTEIN FRIESIAN,Female,26/03/2017,01/10/2018,1 yrs  7 mths,,12/02/2020,31/377/0042 Nafferton Farm,,,,0,,982000176126169,,35,1053,
,UK106710402562,Holstein,Female,16/04/2017,01/10/2018,1 yrs  6 mths,,12/02/2020,31/377/0042 Nafferton Farm,,,,0,,982000176126170,,34,1032,
,UK106710502563,HOLSTEIN FRIESIAN,Female,20/04/2017,01/10/2018,1 yrs  6 mths,,12/02/2020,31/377/0042 Nafferton Farm,,,,0,,982000176126171,,34,1028,
,UK106710202567,Holstein,Female,02/05/2017,01/10/2018,1 yrs  5 mths,,12/02/2020,31/377/0042 Nafferton Farm,,,,0,,982000176126173,,33,1016,
,UK106710302568,Holstein,Female,05/05/2017,01/10/2018,1 yrs  5 mths,,12/02/2020,31/377/0042 Nafferton Farm,,,,0,,982000176126174,,33,1013,
,UK106710402569,Holstein,Female,07/05/2017,01/10/2018,1 yrs  5 mths,,12/02/2020,31/377/0042 Nafferton Farm,,,,0,,982000176126175,,33,1011,
,UK106710602571,Holstein,Female,12/05/2017,01/10/2018,1 yrs  5 mths,,12/02/2020,31/377/0042 Nafferton Farm,,,,0,,982000176126176,,33,1006,
2580,UK106710102580,Holstein,Female,04/06/2017,01/10/2018,1 yrs  4 mths,,08/06/2020,31/377/0042 Nafferton Farm,,,,0,,982000176126177,,36,1100,
,UK106710602585,HOLSTEIN FRIESIAN,Female,16/06/2017,01/10/2018,1 yrs  4 mths,,12/02/2020,31/377/0042 Nafferton Farm,,,,0,,982000176126178,,32,971,
,UK106710102587,HOLSTEIN FRIESIAN,Female,16/06/2017,01/10/2018,1 yrs  4 mths,,12/02/2020,31/377/0042 Nafferton Farm,,,,0,,982000176126179,,32,971,
,UK106710302589,HOLSTEIN FRIESIAN,Female,22/06/2017,01/10/2018,1 yrs  4 mths,,12/02/2020,31/377/0042 Nafferton Farm,,,,0,,982000176126180,,32,965,
2594,UK106710102594,HOLSTEIN FRIESIAN,Female,25/06/2017,01/10/2018,1 yrs  4 mths,,29/11/2019,Market,,,,0,,982000176126181,,29,887,
2602,UK106710202602,HOLSTEIN FRIESIAN,Female,08/07/2017,01/10/2018,1 yrs  3 mths,,27/05/2020,linden foods,,,,0,,982000176126182,,35,1054,
2603,UK106710302603,HOLSTEIN FRIESIAN,Female,10/07/2017,01/10/2018,1 yrs  3 mths,,04/02/2021,31/377/0042 Nafferton Farm,,,,0,,982000176126183,,43,1305,
,UK106710502605,HOLSTEIN FRIESIAN,Female,13/07/2017,01/10/2018,1 yrs  3 mths,,12/02/2020,31/377/0042 Nafferton Farm,,,,0,,982000176126184,,31,944,
,UK106710602606,HOLSTEIN FRIESIAN,Female,14/07/2017,01/10/2018,1 yrs  3 mths,,12/02/2020,31/377/0042 Nafferton Farm,,,,0,,982000176126185,,31,943,
2611,UK106710402611,HOLSTEIN FRIESIAN,Female,24/07/2017,01/10/2018,1 yrs  3 mths,,,,,,,0,,982000176126186,,45,1366,
,UK106710102615,HOLSTEIN FRIESIAN,Female,28/07/2017,01/10/2018,1 yrs  3 mths,,12/02/2020,31/377/0042 Nafferton Farm,,,,0,,982000176126187,,30,929,
,UK107189702760,BRITISH FRIESIAN X,Female,06/02/2017,01/10/2018,1 yrs  8 mths,,12/02/2020,31/377/0042 Nafferton Farm,,,,0,,982000176126228,,36,1101,
,UK107189602766,BRITISH FRIESIAN X,Female,12/02/2017,01/10/2018,1 yrs  8 mths,,12/02/2020,31/377/0042 Nafferton Farm,,,,0,,982000176126229,,36,1095,
,UK107189402771,HOLSTEIN FRIESIAN X,Female,20/02/2017,01/10/2018,1 yrs  8 mths,,12/02/2020,31/377/0042 Nafferton Farm,,,,0,,982000176126230,,36,1087,
2800,UK107189502800,BRITISH FRIESIAN X,Female,29/04/2017,01/10/2018,1 yrs  6 mths,,29/11/2019,Market,,,,0,,982000176126235,,31,944,
,UK107189702809,BRITISH FRIESIAN X,Female,23/05/2017,01/10/2018,1 yrs  5 mths,,12/02/2020,31/377/0042 Nafferton Farm,,,,0,,982000176126237,,33,995,
,UK107189202811,HOLSTEIN FRIESIAN,Female,24/05/2017,01/10/2018,1 yrs  5 mths,,12/02/2020,31/377/0042 Nafferton Farm,,,,0,,982000176126238,,33,994,
,UK107189302812,HOLSTEIN FRIESIAN X,Female,01/06/2017,01/10/2018,1 yrs  4 mths,,12/02/2020,31/377/0042 Nafferton Farm,,,,0,,982000176126239,,32,986,
,UK107189602815,HOLSTEIN FRIESIAN,Female,18/06/2017,01/10/2018,1 yrs  4 mths,,12/02/2020,31/377/0042 Nafferton Farm,,,,0,,982000176126240,,32,969,
,UK107189702816,HOLSTEIN FRIESIAN,Female,18/06/2017,01/10/2018,1 yrs  4 mths,,12/02/2020,31/377/0042 Nafferton Farm,,,,0,,982000176126241,,32,969,
2817,UK107189102817,HOLSTEIN FRIESIAN,Female,22/07/2017,01/10/2018,1 yrs  3 mths,,29/11/2019,Market,,,,0,,982000176126242,,28,860,
,UK107189202818,HOLSTEIN FRIESIAN,Female,22/07/2017,01/10/2018,1 yrs  3 mths,,12/02/2020,31/377/0042 Nafferton Farm,,,,0,,982000176126243,,31,935,
,UK107189402820,HOLSTEIN FRIESIAN,Female,23/07/2017,01/10/2018,1 yrs  3 mths,,12/02/2020,31/377/0042 Nafferton Farm,,,,0,,982000176126244,,31,934,
,UK107189602822,BRITISH FRIESIAN X,Female,29/07/2017,01/10/2018,1 yrs  3 mths,,12/02/2020,31/377/0042 Nafferton Farm,,,,0,,982000176126245,,30,928,
,UK107189102824,HOLSTEIN FRIESIAN X,Female,05/08/2017,01/10/2018,1 yrs  2 mths,,12/02/2020,31/377/0042 Nafferton Farm,,,,0,,982000176126246,,30,921,
2829,UK107189602829,BRITISH FRIESIAN X,Female,14/08/2017,01/10/2018,1 yrs  2 mths,,08/06/2020,31/377/0042 Nafferton Farm,,,,0,,982000176126247,,34,1029,
,UK106710302540,HOLSTEIN FRIESIAN,Female,09/03/2017,01/10/2018,1 yrs  7 mths,,23/02/2020,31/377/0042 Nafferton Farm,,,,0,,0,,36,1081,
,UK106710502521,HOLSTEIN FRIESIAN,Female,06/02/2017,01/10/2018,1 yrs  8 mths,,23/02/2020,31/377/0042 Nafferton Farm,,,,0,,0,,37,1112,
3049,UK107189203049,HOLSTEIN FRIESIAN,Female,15/07/2018,12/10/2018,0 yrs  3 mths,,14/05/2020,31/377/0042 Nafferton Farm,,,,0,,982000176126329,,22,669,
3052,UK107189503052,Holstein,Female,15/07/2018,12/10/2018,0 yrs  3 mths,,14/05/2020,31/377/0042 Nafferton Farm,,,,0,,982000176126330,,22,669,
3053,UK107189603053,Holstein,Female,15/07/2018,12/10/2018,0 yrs  3 mths,,14/05/2020,31/377/0042 Nafferton Farm,,,,0,,982000176126331,,22,669,
3056,UK107189203056,Holstein,Female,27/07/2018,12/10/2018,0 yrs  3 mths,,14/05/2020,31/377/0042 Nafferton Farm,,,,0,,982000176126332,,21,657,
3058,UK107189403058,Holstein,Female,28/07/2018,12/10/2018,0 yrs  3 mths,,12/02/2020,31/377/0042 Nafferton Farm,,,,0,,982000176126333,,18,564,
3059,UK107189503059,HOLSTEIN FRIESIAN,Female,20/07/2018,12/10/2018,0 yrs  3 mths,,14/05/2020,31/377/0042 Nafferton Farm,,,,0,,982000176126334,,22,664,
3062,UK107189103062,HOLSTEIN FRIESIAN,Female,25/07/2018,12/10/2018,0 yrs  3 mths,,,,17/10/2019,Warrens,,0,,982000176126335,,14,449,
3066,UK107189503066,HOLSTEIN FRIESIAN,Female,02/08/2018,14/11/2018,0 yrs  3 mths,,14/05/2020,31/377/0042 Nafferton Farm,,,,0,,982000176126336,,21,651,
3070,UK107189203070,Holstein,Female,09/08/2018,14/11/2018,0 yrs  3 mths,,14/05/2020,31/377/0042 Nafferton Farm,,,,0,,982000176126337,,21,644,
3071,UK107189303071,HOLSTEIN FRIESIAN,Female,09/08/2018,14/11/2018,0 yrs  3 mths,,14/05/2020,31/377/0042 Nafferton Farm,,,,0,,982000176126338,,21,644,
3087,UK107189503087,HOLSTEIN FRIESIAN X,Female,24/08/2018,14/11/2018,0 yrs  3 mths,,09/04/2021,31/377/0042 Nafferton Farm,,,,0,,982000176126339,,31,959,
3091,UK107189203091,HOLSTEIN FRIESIAN,Female,30/08/2018,14/11/2018,0 yrs  3 mths,,14/05/2020,31/377/0042 Nafferton Farm,,,,0,,982000176126340,,20,623,
3094,UK107189503094,HOLSTEIN FRIESIAN,Female,04/09/2018,14/11/2018,0 yrs  2 mths,,,,27/11/2019,Warrens,,0,,982000176126341,,14,449,
3095,UK107189603095,HOLSTEIN FRIESIAN,Female,10/09/2018,14/11/2018,0 yrs  2 mths,,14/05/2020,31/377/0042 Nafferton Farm,,,,0,,982000176126342,,20,612,
,UK107189502660,Swedish Red X,Female,13/10/2016,01/12/2018,2 yrs  2 mths,,12/02/2020,31/377/0042 Nafferton Farm,,,,0,,982000176126223,,40,1217,
,UK107189502758,Swedish Red X,Female,30/01/2017,01/12/2018,1 yrs  11 mths,,12/02/2020,31/377/0042 Nafferton Farm,,,,0,,982000176126227,,36,1108,
2777,UK107189302777,Swedish Red X,Female,08/03/2017,01/12/2018,1 yrs  9 mths,,08/06/2020,31/377/0042 Nafferton Farm,,,,0,,982000176126232,,39,1188,
2789,UK107189102789,BRITISH FRIESIAN X,Female,23/03/2017,01/12/2018,1 yrs  9 mths,,08/06/2020,31/377/0042 Nafferton Farm,,,,0,,982000176126234,,39,1173,
2805,UK107189302805,BRITISH FRIESIAN X,Female,09/05/2017,01/12/2018,1 yrs  7 mths,,29/11/2019,Market,,,,0,,982000176126236,,31,934,
2835,UK107189502835,BRITISH FRIESIAN X,Female,11/09/2017,01/12/2018,1 yrs  3 mths,,08/06/2020,31/377/0042 Nafferton Farm,,,,0,,982000176126249,,33,1001,
2836,UK107189602836,BRITISH FRIESIAN X,Female,11/09/2017,01/12/2018,1 yrs  3 mths,,08/06/2020,31/377/0042 Nafferton Farm,,,,0,,982000176126250,,33,1001,
2838,UK107189102838,HOLSTEIN FRIESIAN,Female,13/09/2017,01/12/2018,1 yrs  3 mths,,08/06/2020,31/377/0042 Nafferton Farm,,,,0,,982000176126251,,33,999,
,UK107189402841,HOLSTEIN FRIESIAN,Female,13/09/2017,01/12/2018,1 yrs  3 mths,,12/02/2020,31/377/0042 Nafferton Farm,,,,0,,982000176126252,,29,882,
,UK107189402848,HOLSTEIN FRIESIAN X,Female,21/09/2017,01/12/2018,1 yrs  3 mths,,12/02/2020,31/377/0042 Nafferton Farm,,,,0,,982000176126253,,29,874,
,UK107189702851,HOLSTEIN FRIESIAN,Female,27/09/2017,01/12/2018,1 yrs  3 mths,,12/02/2020,31/377/0042 Nafferton Farm,,,,0,,982000176126255,,28,868,
2854,UK107189302854,HOLSTEIN FRIESIAN,Female,01/10/2017,01/12/2018,1 yrs  2 mths,,,,18/03/2020,Warrens,,0,,982000176126257,,29,899,
,UK107189402855,HOLSTEIN FRIESIAN,Female,01/10/2017,01/12/2018,1 yrs  2 mths,,12/02/2020,31/377/0042 Nafferton Farm,,,,0,,982000176126258,,28,864,
2856,UK107189502856,HOLSTEIN FRIESIAN,Female,01/10/2017,01/12/2018,1 yrs  2 mths,,08/06/2020,31/377/0042 Nafferton Farm,,,,0,,982000176126259,,32,981,
,UK107189602857,HOLSTEIN FRIESIAN,Female,04/10/2017,01/12/2018,1 yrs  2 mths,,12/02/2020,31/377/0042 Nafferton Farm,,,,0,,982000176126260,,28,861,
,UK107189402736,HOLSTEIN FRIESIAN X,Female,22/12/2016,01/12/2018,2 yrs  0 mths,,23/02/2020,31/377/0042 Nafferton Farm,,,,0,,0,,38,1158,
,UK107189502849,BRITISH FRIESIAN X,Female,25/09/2017,01/12/2018,1 yrs  3 mths,,23/02/2020,31/377/0042 Nafferton Farm,,,,0,,0,,29,881,
3096,UK107189703096,HOLSTEIN FRIESIAN,Female,11/09/2018,19/12/2018,0 yrs  3 mths,,,,24/12/2020,Warrens Deadstock,,0,,982000176126343,,27,835,
3101,UK107189503101,HOLSTEIN FRIESIAN,Female,18/09/2018,19/12/2018,0 yrs  3 mths,,14/05/2020,31/377/0042 Nafferton Farm,,,,0,,982000176126344,,20,604,
3104,UK107189103104,HOLSTEIN FRIESIAN,Female,23/09/2018,19/12/2018,0 yrs  3 mths,,23/02/2021,31/377/0042 Nafferton Farm,,,,0,,982000176126345,,29,884,
3105,UK107189203105,HOLSTEIN FRIESIAN,Female,26/09/2018,19/12/2018,0 yrs  3 mths,,14/05/2020,31/377/0042 Nafferton Farm,,,,0,,982000176126346,,19,596,
3106,UK107189303106,HOLSTEIN FRIESIAN,Female,28/09/2018,19/12/2018,0 yrs  3 mths,,14/05/2020,31/377/0042 Nafferton Farm,,,,0,,982000176126347,,19,594,
3107,UK107189403107,HOLSTEIN FRIESIAN,Female,30/09/2018,19/12/2018,0 yrs  3 mths,,14/05/2020,31/377/0042 Nafferton Farm,,,,0,,982000176126348,,19,592,
3111,UK107189103111,HOLSTEIN FRIESIAN,Female,05/10/2018,23/01/2019,0 yrs  3 mths,,14/05/2020,31/377/0042 Nafferton Farm,,,,0,,982000176126349,,19,587,
3112,UK107189203112,HOLSTEIN FRIESIAN,Female,10/10/2018,23/01/2019,0 yrs  3 mths,,23/02/2021,31/377/0042 Nafferton Farm,,,,0,,982000176126350,,28,867,
3114,UK107189403114,HOLSTEIN FRIESIAN,Female,15/10/2018,23/01/2019,0 yrs  3 mths,,14/05/2020,31/377/0042 Nafferton Farm,,,,0,,982000176126351,,19,577,
3117,UK107189703117,HOLSTEIN FRIESIAN,Female,16/10/2018,23/01/2019,0 yrs  3 mths,,23/02/2021,31/377/0042 Nafferton Farm,,,,0,,982000176126352,,28,861,
3126,UK107189203126,HOLSTEIN FRIESIAN,Female,22/10/2018,23/01/2019,0 yrs  3 mths,,14/05/2020,31/377/0042 Nafferton Farm,,,,0,,982000176126353,,19,570,
3127,UK107189303127,HOLSTEIN FRIESIAN,Female,27/10/2018,23/01/2019,0 yrs  3 mths,,14/05/2020,31/377/0042 Nafferton Farm,,,,0,,982000176126354,,18,565,
3128,UK107189403128,HOLSTEIN FRIESIAN,Female,27/10/2018,23/01/2019,0 yrs  3 mths,,14/05/2020,31/377/0042 Nafferton Farm,,,,0,,982000176126355,,18,565,
3131,UK107189703131,HOLSTEIN FRIESIAN,Female,27/10/2018,23/01/2019,0 yrs  3 mths,,14/05/2020,31/377/0042 Nafferton Farm,,,,0,,982000176126356,,18,565,
3135,UK107189403135,HOLSTEIN FRIESIAN,Female,31/10/2018,23/01/2019,0 yrs  3 mths,,14/05/2020,31/377/0042 Nafferton Farm,,,,0,,982000176126357,,18,561,
3136,UK107189503136,HOLSTEIN FRIESIAN,Female,31/10/2018,23/01/2019,0 yrs  3 mths,,23/02/2021,31/377/0042 Nafferton Farm,,,,0,,982000176126358,,28,846,
3140,UK107189203140,HOLSTEIN FRIESIAN X,Female,05/11/2018,23/01/2019,0 yrs  2 mths,,14/05/2020,31/377/0042 Nafferton Farm,,,,0,,982000176126359,,18,556,
3144,UK107189603144,HOLSTEIN FRIESIAN,Female,07/11/2018,23/01/2019,0 yrs  2 mths,,14/05/2020,31/377/0042 Nafferton Farm,,,,0,,982000176126360,,18,554,
3145,UK107189703145,HOLSTEIN FRIESIAN,Female,08/11/2018,23/01/2019,0 yrs  2 mths,,14/05/2020,31/377/0042 Nafferton Farm,,,,0,,982000176126361,,18,553,
3146,UK107189103146,HOLSTEIN FRIESIAN,Female,08/11/2018,23/01/2019,0 yrs  2 mths,,14/05/2020,31/377/0042 Nafferton Farm,,,,0,,982000176126362,,18,553,
3151,UK107189603151,HOLSTEIN FRIESIAN,Female,14/11/2018,23/01/2019,0 yrs  2 mths,,23/02/2021,31/377/0042 Nafferton Farm,,,,0,,982000176126363,,27,832,
3157,UK107189503157,HOLSTEIN FRIESIAN,Female,16/11/2018,07/03/2019,0 yrs  4 mths,,14/05/2020,31/377/0042 Nafferton Farm,,,,0,,982000176126364,,18,545,
3163,UK107189403163,HOLSTEIN FRIESIAN,Female,23/11/2018,07/03/2019,0 yrs  4 mths,,14/05/2020,31/377/0042 Nafferton Farm,,,,0,,982000176126365,,17,538,
3165,UK107189603165,HOLSTEIN FRIESIAN,Female,25/11/2018,07/03/2019,0 yrs  4 mths,,23/02/2021,31/377/0042 Nafferton Farm,,,,0,,982000176126366,,27,821,
3168,UK107189203168,HOLSTEIN FRIESIAN,Female,25/11/2018,07/03/2019,0 yrs  4 mths,,,,,,,0,,982000176126367,,29,877,
3169,UK107189303169,HOLSTEIN FRIESIAN,Female,25/11/2018,07/03/2019,0 yrs  4 mths,,23/02/2021,31/377/0042 Nafferton Farm,,,,0,,982000176126368,,27,821,
3172,UK107189603172,HOLSTEIN FRIESIAN,Female,29/11/2018,07/03/2019,0 yrs  4 mths,,14/05/2020,31/377/0042 Nafferton Farm,,,,0,,982000176126369,,17,532,
3175,UK107189203175,HOLSTEIN FRIESIAN,Female,01/12/2018,07/03/2019,0 yrs  3 mths,,23/02/2021,31/377/0042 Nafferton Farm,,,,0,,982000176126371,,27,815,
3178,UK107189503178,HOLSTEIN FRIESIAN,Female,03/12/2018,07/03/2019,0 yrs  3 mths,,23/02/2021,31/377/0042 Nafferton Farm,,,,0,,982000176126372,,27,813,
3179,UK107189603179,HOLSTEIN FRIESIAN,Female,03/12/2018,07/03/2019,0 yrs  3 mths,,23/02/2021,31/377/0042 Nafferton Farm,,,,0,,982000176126373,,27,813,
3183,UK107189303183,HOLSTEIN FRIESIAN,Female,12/12/2018,07/03/2019,0 yrs  3 mths,,18/03/2021,31/377/0042 Nafferton Farm,,,,0,,982000176308658,,27,827,
3185,UK107189503185,HOLSTEIN FRIESIAN,Female,18/12/2018,07/03/2019,0 yrs  3 mths,,09/04/2021,31/377/0042 Nafferton Farm,,,,0,,982000176126375,,28,843,
3204,UK107189303204,HOLSTEIN FRIESIAN,Female,08/01/2019,07/03/2019,0 yrs  2 mths,,23/02/2021,31/377/0042 Nafferton Farm,,,,0,,982000176126384,,25,777,
3174,UK107189103174,HOLSTEIN FRIESIAN,Female,09/03/2019,27/03/2019,0 yrs  0 mths,,09/04/2021,31/377/0042 Nafferton Farm,,,,0,,982000176126370,,25,762,
3186,UK107189603186,HOLSTEIN FRIESIAN,Female,18/12/2018,27/03/2019,0 yrs  3 mths,,23/02/2021,31/377/0042 Nafferton Farm,,,,0,,982000176126376,,26,798,
3188,UK107189103188,HOLSTEIN FRIESIAN,Female,22/12/2018,27/03/2019,0 yrs  3 mths,,23/02/2021,31/377/0042 Nafferton Farm,,,,0,,982000176126377,,26,794,
3191,UK107189403191,Swedish Red X,Female,25/12/2018,27/03/2019,0 yrs  3 mths,,23/02/2021,31/377/0042 Nafferton Farm,,,,0,,982000176126378,,26,791,
3193,UK107189603193,HOLSTEIN FRIESIAN,Female,26/12/2018,27/03/2019,0 yrs  3 mths,,,,03/03/2021,Warrens Deadstock,,0,,982000176126379,,26,798,
3195,UK107189103195,HOLSTEIN FRIESIAN,Female,24/12/2018,27/03/2019,0 yrs  3 mths,,,,21/04/2020,Warrens,,0,,982000176126380,,16,484,
3196,UK107189203196,HOLSTEIN FRIESIAN,Female,27/12/2018,27/03/2019,0 yrs  3 mths,,09/04/2021,31/377/0042 Nafferton Farm,,,,0,,982000176126381,,27,834,
3197,UK107189303197,HOLSTEIN FRIESIAN,Female,27/12/2018,27/03/2019,0 yrs  3 mths,,23/02/2021,31/377/0042 Nafferton Farm,,,,0,,982000176126382,,26,789,
3198,UK107189403198,HOLSTEIN FRIESIAN,Female,27/12/2018,27/03/2019,0 yrs  3 mths,,23/02/2021,31/377/0042 Nafferton Farm,,,,0,,982000176126383,,26,789,
3208,UK107189703208,HOLSTEIN FRIESIAN,Female,16/01/2019,30/04/2019,0 yrs  3 mths,,08/06/2020,31/377/0042 Nafferton Farm,,,,0,,982000176126385,,16,509,
3209,UK107189103209,HOLSTEIN FRIESIAN,Female,17/01/2019,30/04/2019,0 yrs  3 mths,,23/02/2021,31/377/0042 Nafferton Farm,,,,0,,982000176126386,,25,768,
3210,UK107189203210,HOLSTEIN FRIESIAN,Female,20/01/2019,30/04/2019,0 yrs  3 mths,,14/05/2020,31/377/0042 Nafferton Farm,,,,0,,982000176126387,,16,480,
3211,UK107189303211,HOLSTEIN FRIESIAN,Female,21/01/2019,30/04/2019,0 yrs  3 mths,,23/02/2021,31/377/0042 Nafferton Farm,,,,0,,982000176126388,,25,764,
3213,UK107189503213,HOLSTEIN FRIESIAN,Female,22/01/2019,30/04/2019,0 yrs  3 mths,,09/04/2021,31/377/0042 Nafferton Farm,,,,0,,982000176126389,,26,808,
3214,UK107189603214,HOLSTEIN FRIESIAN,Female,25/01/2019,30/04/2019,0 yrs  3 mths,,23/02/2021,31/377/0042 Nafferton Farm,,,,0,,982000176126390,,25,760,
3215,UK107189703215,MONTBELIARDE X,Female,26/01/2019,30/04/2019,0 yrs  3 mths,,,,,,,0,,982000176308688,,27,815,
3216,UK107189103216,HOLSTEIN FRIESIAN X,Female,26/01/2019,30/04/2019,0 yrs  3 mths,,23/02/2021,31/377/0042 Nafferton Farm,,,,0,,982000176126392,,25,759,
3217,UK107189203217,HOLSTEIN FRIESIAN,Female,01/02/2019,30/04/2019,0 yrs  2 mths,,23/02/2021,31/377/0042 Nafferton Farm,,,,0,,982000176126393,,25,753,
3218,UK107189303218,HOLSTEIN FRIESIAN,Female,10/02/2019,30/04/2019,0 yrs  2 mths,,14/05/2020,31/377/0042 Nafferton Farm,,,,0,,982000176126394,,15,459,
3231,UK107189203231,HOLSTEIN FRIESIAN X,Female,18/02/2019,30/04/2019,0 yrs  2 mths,,23/02/2021,31/377/0042 Nafferton Farm,,,,0,,982000176126398,,24,736,
3232,UK107189303232,HOLSTEIN FRIESIAN,Female,18/02/2019,30/04/2019,0 yrs  2 mths,,09/04/2021,31/377/0042 Nafferton Farm,,,,0,,982000176126399,,26,781,
3235,UK107189603235,HOLSTEIN FRIESIAN,Female,18/02/2019,30/04/2019,0 yrs  2 mths,,09/04/2021,31/377/0042 Nafferton Farm,,,,0,,982000176126400,,26,781,
3258,UK107189103258,HOLSTEIN FRIESIAN,Female,14/03/2019,30/04/2019,0 yrs  1 mths,,23/02/2021,31/377/0042 Nafferton Farm,,,,0,,982000176126408,,23,712,
3227,UK107189503227,HOLSTEIN FRIESIAN,Female,16/02/2019,24/05/2019,0 yrs  3 mths,,23/02/2021,31/377/0042 Nafferton Farm,,,,0,,982000176126395,,24,738,
3228,UK107189603228,HOLSTEIN FRIESIAN X,Female,17/02/2019,24/05/2019,0 yrs  3 mths,,23/02/2021,31/377/0042 Nafferton Farm,,,,0,,982000176126396,,24,737,
3229,UK107189703229,HOLSTEIN FRIESIAN X,Female,17/02/2019,24/05/2019,0 yrs  3 mths,,09/04/2021,31/377/0042 Nafferton Farm,,,,0,,982000176126397,,26,782,
3236,UK107189703236,HOLSTEIN FRIESIAN,Female,19/02/2019,24/05/2019,0 yrs  3 mths,,23/02/2021,31/377/0042 Nafferton Farm,,,,0,,982000176126401,,24,735,
3237,UK107189103237,HOLSTEIN FRIESIAN,Female,19/02/2019,24/05/2019,0 yrs  3 mths,,,,21/04/2020,Warrens,,0,,982000176126402,,14,427,
3243,UK107189703243,HOLSTEIN FRIESIAN,Female,27/02/2019,24/05/2019,0 yrs  3 mths,,09/04/2021,31/377/0042 Nafferton Farm,,,,0,,982000176126403,,25,772,
3249,UK107189603249,HOLSTEIN FRIESIAN,Female,09/03/2019,24/05/2019,0 yrs  2 mths,,09/04/2021,31/377/0042 Nafferton Farm,,,,0,,982000176126404,,25,762,
3251,UK107189103251,HOLSTEIN FRIESIAN,Female,12/03/2019,24/05/2019,0 yrs  2 mths,,09/04/2021,31/377/0042 Nafferton Farm,,,,0,,982000176126405,,25,759,
3253,UK107189303253,HOLSTEIN FRIESIAN,Female,13/03/2019,24/05/2019,0 yrs  2 mths,,23/02/2021,31/377/0042 Nafferton Farm,,,,0,,982000176126406,,23,713,
,UK107189403254,HOLSTEIN FRIESIAN,Female,13/03/2019,24/05/2019,0 yrs  2 mths,,,,26/11/2020,Warrens Deadstock,,0,,982000176126407,,20,624,
3259,UK107189203259,HOLSTEIN FRIESIAN,Female,17/04/2019,24/05/2019,0 yrs  1 mths,,09/04/2021,31/377/0042 Nafferton Farm,,,,0,,982000176126409,,24,723,
3260,UK107189303260,HOLSTEIN FRIESIAN,Female,17/03/2019,24/05/2019,0 yrs  2 mths,,09/04/2021,31/377/0042 Nafferton Farm,,,,0,,982000176126410,,25,754,
,UK106143100424,BEEF SHORTHORN,Male,22/02/2018,27/06/2019,1 yrs  4 mths,,08/06/2020,31/377/0042 Nafferton Farm,,,,0,,982000176126161,,27,837,
3310,UK107189403310,HOLSTEIN FRIESIAN,Female,13/04/2019,09/09/2019,0 yrs  5 mths,,,,,,,0,,0,,24,738,
3331,UK107189403331,HOLSTEIN FRIESIAN,Female,15/05/2019,09/09/2019,0 yrs  4 mths,,09/04/2021,31/377/0042 Nafferton Farm,,,,0,,982000176126413,,23,695,
0344,UK107189303344,HOLSTEIN FRIESIAN,Female,15/06/2019,09/09/2019,0 yrs  3 mths,,09/04/2021,31/377/0042 Nafferton Farm,,,,0,,0,,22,664,
0716,UK107189403345,HOLSTEIN FRIESIAN,Female,24/06/2019,09/09/2019,0 yrs  3 mths,,09/04/2021,31/377/0042 Nafferton Farm,,,,0,,982000176308678,,21,655,
0461,UK140858600461,Longhorn,Male,13/05/2017,11/10/2019,2 yrs  5 mths,,,,,,,0,,0,,47,1438,
,UK140858600468,Longhorn,Male,21/01/2018,11/10/2019,1 yrs  9 mths,,,,,,,0,,0,,39,1185,
,UK140858400480,Longhorn,Male,07/04/2018,11/10/2019,1 yrs  6 mths,,,,,,,0,,0,,36,1109,
3376,UK107189703376,HOLSTEIN FRIESIAN,Female,26/08/2019,18/12/2019,0 yrs  4 mths,Newcastle University,09/04/2021,31/377/0042 Nafferton Farm,,,,0,,982000176308675,,19,592,
3378,UK107189203378,Aberdeen-Angus,Female,21/09/2019,18/12/2019,0 yrs  3 mths,Newcastle University,,,,,,0,,982000176308702,,19,577,
3384,UK107189103384,HOLSTEIN FRIESIAN,Female,23/09/2019,18/12/2019,0 yrs  3 mths,Newcastle University,09/04/2021,31/377/0042 Nafferton Farm,,,,0,,982000176308709,,18,564,
3375,UK107189603375,HOLSTEIN FRIESIAN,Female,03/09/2019,18/12/2019,0 yrs  3 mths,Newcastle University,,,,,,0,,982000176308695,,19,595,
3383,UK107189703383,HOLSTEIN FRIESIAN,Female,23/09/2019,18/12/2019,0 yrs  3 mths,Newcastle University,09/04/2021,31/377/0042 Nafferton Farm,,,,0,,982000176308636,,18,564,
3385,UK107189203385,BRITISH BLUE,Female,23/09/2019,18/12/2019,0 yrs  3 mths,Newcastle University,09/04/2021,31/377/0042 Nafferton Farm,,,,0,,982000176308672,,18,564,
,UK106710202518,HOLSTEIN FRIESIAN,Female,04/02/2017,11/02/2020,3 yrs  0 mths,Newcastle University,12/02/2020,31/377/0042 Nafferton Farm,,,,0,,982000176126163,,36,1103,
,UK107189702809,BRITISH FRIESIAN X,Female,23/05/2017,11/02/2020,2 yrs  9 mths,Newcastle University,12/02/2020,,,,,0,,982000176126237,,33,995,
,UK106710602641,HOLSTEIN FRIESIAN,Female,06/10/2017,11/02/2020,2 yrs  4 mths,Newcastle University,12/02/2020,,,,,0,,982000176126191,,28,859,
,UK107189202867,HOLSTEIN FRIESIAN X,Female,18/10/2017,11/02/2020,2 yrs  4 mths,Newcastle University,12/02/2020,,,,,0,,982000176126265,,28,847,
,UK107189402848,HOLSTEIN FRIESIAN X,Female,21/09/2017,11/02/2020,2 yrs  5 mths,Newcastle University,12/02/2020,,,,,0,,982000176126253,,29,874,
,UK106710402639,HOLSTEIN FRIESIAN,Female,02/10/2017,11/02/2020,2 yrs  4 mths,Newcastle University,12/02/2020,,,,,0,,982000176126190,,28,863,
,UK106710302568,Holstein,Female,05/05/2017,11/02/2020,2 yrs  9 mths,Newcastle University,12/02/2020,,,,,0,,982000176126174,,33,1013,
,UK106710602634,HOLSTEIN FRIESIAN,Female,14/09/2017,11/02/2020,2 yrs  5 mths,Newcastle University,12/02/2020,,,,,0,,982000176126189,,29,881,
,UK107189702683,Swedish Red X,Female,03/11/2016,11/02/2020,3 yrs  3 mths,Newcastle University,12/02/2020,,,,,0,,982000176126225,,39,1196,
,UK107189302812,HOLSTEIN FRIESIAN X,Female,01/06/2017,11/02/2020,2 yrs  8 mths,Newcastle University,12/02/2020,,,,,0,,982000176126239,,32,986,
,UK106710102566,Holstein,Female,24/04/2017,11/02/2020,2 yrs  10 mths,Newcastle University,12/02/2020,,,,,0,,982000176126172,,34,1024,
,UK107189402841,HOLSTEIN FRIESIAN,Female,13/09/2017,11/02/2020,2 yrs  5 mths,Newcastle University,12/02/2020,,,,,0,,982000176126252,,29,882,
,UK107189602766,BRITISH FRIESIAN X,Female,12/02/2017,11/02/2020,3 yrs  0 mths,Newcastle University,12/02/2020,,,,,0,,982000176126229,,36,1095,
,UK106710302589,HOLSTEIN FRIESIAN,Female,22/06/2017,11/02/2020,2 yrs  8 mths,Newcastle University,12/02/2020,,,,,0,,982000176126180,,32,965,
,UK107189602892,HOLSTEIN FRIESIAN,Female,17/11/2017,11/02/2020,2 yrs  3 mths,Newcastle University,12/02/2020,,,,,0,,982000176126280,,27,817,
,UK107189202902,HOLSTEIN FRIESIAN,Female,24/11/2017,11/02/2020,2 yrs  3 mths,Newcastle University,12/02/2020,,,,,0,,982000176126287,,27,810,
,UK107189502660,Swedish Red X,Female,13/10/2016,11/02/2020,3 yrs  4 mths,Newcastle University,12/02/2020,,,,,0,,982000176126223,,40,1217,
,UK106710102587,HOLSTEIN FRIESIAN,Female,16/06/2017,11/02/2020,2 yrs  8 mths,Newcastle University,12/02/2020,,,,,0,,982000176126179,,32,971,
,UK106710402569,Holstein,Female,07/05/2017,11/02/2020,2 yrs  9 mths,Newcastle University,12/02/2020,,,,,0,,982000176126175,,33,1011,
,UK107189402771,HOLSTEIN FRIESIAN X,Female,20/02/2017,11/02/2020,3 yrs  0 mths,Newcastle University,12/02/2020,,,,,0,,982000176126230,,36,1087,
,UK107189602857,HOLSTEIN FRIESIAN,Female,04/10/2017,11/02/2020,2 yrs  4 mths,Newcastle University,12/02/2020,,,,,0,,982000176126260,,28,861,
,UK107189502758,Swedish Red X,Female,30/01/2017,11/02/2020,3 yrs  1 mths,Newcastle University,12/02/2020,,,,,0,,982000176126227,,36,1108,
,UK107189602822,BRITISH FRIESIAN X,Female,29/07/2017,11/02/2020,2 yrs  7 mths,Newcastle University,12/02/2020,,,,,0,,982000176126245,,30,928,
,UK107189102901,HOLSTEIN FRIESIAN,Female,23/11/2017,11/02/2020,2 yrs  3 mths,Newcastle University,12/02/2020,,,,,0,,982000176126286,,27,811,
,UK107189302889,HOLSTEIN FRIESIAN X,Female,12/11/2017,11/02/2020,2 yrs  3 mths,Newcastle University,12/02/2020,,,,,0,,982000176126279,,27,822,
,UK107189102873,HOLSTEIN FRIESIAN X,Female,28/10/2017,11/02/2020,2 yrs  4 mths,Newcastle University,12/02/2020,,,,,0,,982000176126270,,27,837,
,UK107189102894,HOLSTEIN FRIESIAN,Female,21/11/2017,11/02/2020,2 yrs  3 mths,Newcastle University,12/02/2020,,,,,0,,982000176126281,,27,813,
,UK107189102824,HOLSTEIN FRIESIAN X,Female,05/08/2017,11/02/2020,2 yrs  6 mths,Newcastle University,12/02/2020,,,,,0,,982000176126246,,30,921,
,UK107189602962,HOLSTEIN FRIESIAN,Female,26/02/2018,11/02/2020,2 yrs  0 mths,Newcastle University,12/02/2020,,,,,0,,982000176126308,,23,716,
,UK106710402562,Holstein,Female,16/04/2017,11/02/2020,2 yrs  10 mths,Newcastle University,12/02/2020,,,,,0,,982000176126170,,34,1032,
,UK106710202567,Holstein,Female,02/05/2017,11/02/2020,2 yrs  9 mths,Newcastle University,12/02/2020,,,,,0,,982000176126173,,33,1016,
,UK106710302554,HOLSTEIN FRIESIAN,Female,26/03/2017,11/02/2020,2 yrs  11 mths,Newcastle University,12/02/2020,,,,,0,,982000176126169,,35,1053,
,UK107189202860,Swedish Red X,Female,10/10/2017,11/02/2020,2 yrs  4 mths,Newcastle University,12/02/2020,,,,,0,,982000176126261,,28,855,
,UK106710602571,Holstein,Female,12/05/2017,11/02/2020,2 yrs  9 mths,Newcastle University,12/02/2020,,,,,0,,982000176126176,,33,1006,
,UK107189402820,HOLSTEIN FRIESIAN,Female,23/07/2017,11/02/2020,2 yrs  7 mths,Newcastle University,12/02/2020,,,,,0,,982000176126244,,31,934,
,UK107189702760,BRITISH FRIESIAN X,Female,06/02/2017,11/02/2020,3 yrs  0 mths,Newcastle University,12/02/2020,,,,,0,,982000176126228,,36,1101,
,UK107189302861,HOLSTEIN FRIESIAN,Female,11/10/2017,11/02/2020,2 yrs  4 mths,Newcastle University,12/02/2020,,,,,0,,982000176126262,,28,854,
,UK107189702816,HOLSTEIN FRIESIAN,Female,18/06/2017,11/02/2020,2 yrs  8 mths,Newcastle University,12/02/2020,,,,,0,,982000176126241,,32,969,
,UK107189402883,HOLSTEIN FRIESIAN,Female,07/11/2017,11/02/2020,2 yrs  3 mths,Newcastle University,12/02/2020,,,,,0,,982000176126275,,27,827,
,UK106710602585,HOLSTEIN FRIESIAN,Female,16/06/2017,11/02/2020,2 yrs  8 mths,Newcastle University,12/02/2020,,,,,0,,982000176126178,,32,971,
,UK107189202818,HOLSTEIN FRIESIAN,Female,22/07/2017,11/02/2020,2 yrs  7 mths,Newcastle University,12/02/2020,,,,,0,,982000176126243,,31,935,
,UK107189402897,HOLSTEIN FRIESIAN,Female,22/11/2017,11/02/2020,2 yrs  3 mths,Newcastle University,12/02/2020,,,,,0,,982000176126283,,27,812,
,UK107189702774,Swedish Red X,Female,02/03/2017,11/02/2020,2 yrs  11 mths,Newcastle University,12/02/2020,,,,,0,,982000176126231,,35,1077,
,UK107189602675,Swedish Red X,Female,24/10/2016,11/02/2020,3 yrs  4 mths,Newcastle University,12/02/2020,,,,,0,,982000176126224,,40,1206,
,UK106710402660,HOLSTEIN FRIESIAN,Female,15/11/2017,11/02/2020,2 yrs  3 mths,Newcastle University,12/02/2020,,,,,0,,982000176126195,,27,819,
,UK107189202811,HOLSTEIN FRIESIAN,Female,24/05/2017,11/02/2020,2 yrs  9 mths,Newcastle University,12/02/2020,,,,,0,,982000176126238,,33,994,
,UK107189702865,HOLSTEIN FRIESIAN,Female,15/10/2017,11/02/2020,2 yrs  4 mths,Newcastle University,12/02/2020,,,,,0,,982000176126264,,28,850,
,UK107189202874,Swedish Red X,Female,28/10/2017,11/02/2020,2 yrs  4 mths,Newcastle University,12/02/2020,,,,,0,,982000176126271,,27,837,
,UK107189502863,HOLSTEIN FRIESIAN X,Female,11/10/2017,11/02/2020,2 yrs  4 mths,Newcastle University,12/02/2020,,,,,0,,982000176126263,,28,854,
,UK107189102852,BRITISH FRIESIAN X,Female,27/09/2017,11/02/2020,2 yrs  5 mths,Newcastle University,12/02/2020,,,,,0,,982000176126256,,28,868,
,UK107189402855,HOLSTEIN FRIESIAN,Female,01/10/2017,11/02/2020,2 yrs  4 mths,Newcastle University,12/02/2020,,,,,0,,982000176126258,,28,864,
,UK106710502626,HOLSTEIN FRIESIAN,Female,01/09/2017,11/02/2020,2 yrs  5 mths,Newcastle University,12/02/2020,,,,,0,,982000176126188,,29,894,
,UK106710102615,HOLSTEIN FRIESIAN,Female,28/07/2017,11/02/2020,2 yrs  7 mths,Newcastle University,12/02/2020,,,,,0,,982000176126187,,30,929,
,UK106710502563,HOLSTEIN FRIESIAN,Female,20/04/2017,11/02/2020,2 yrs  10 mths,Newcastle University,12/02/2020,,,,,0,,982000176126171,,34,1028,
,UK106710502542,HOLSTEIN FRIESIAN,Female,09/03/2017,11/02/2020,2 yrs  11 mths,Newcastle University,12/02/2020,,,,,0,,982000176126168,,35,1070,
,UK106710602606,HOLSTEIN FRIESIAN,Female,14/07/2017,11/02/2020,2 yrs  7 mths,Newcastle University,12/02/2020,,,,,0,,982000176126185,,31,943,
,UK107189702851,HOLSTEIN FRIESIAN,Female,27/09/2017,11/02/2020,2 yrs  5 mths,Newcastle University,12/02/2020,,,,,0,,982000176126255,,28,868,
,UK107189202888,HOLSTEIN FRIESIAN,Female,08/11/2017,11/02/2020,2 yrs  3 mths,Newcastle University,12/02/2020,,,,,0,,982000176126278,,27,826,
,UK106710502605,HOLSTEIN FRIESIAN,Female,13/07/2017,11/02/2020,2 yrs  7 mths,Newcastle University,12/02/2020,,,,,0,,982000176126184,,31,944,
,UK107189602815,HOLSTEIN FRIESIAN,Female,18/06/2017,11/02/2020,2 yrs  8 mths,Newcastle University,12/02/2020,,,,,0,,982000176126240,,32,969,
,UK106710502521,HOLSTEIN FRIESIAN,Female,06/02/2017,23/02/2020,3 yrs  0 mths,,23/02/2020,31/377/0042 Nafferton Farm,,,,0,,982000176126164,,37,1112,
42,UK106710302540,HOLSTEIN FRIESIAN,Female,09/03/2017,23/02/2020,2 yrs  11 mths,,23/02/2020,31/377/0042 Nafferton Farm,,,,0,,0,,36,1081,
75,UK106710402667,HOLSTEIN FRIESIAN,Female,10/12/2017,23/02/2020,2 yrs  2 mths,,23/02/2020,31/377/0042 Nafferton Farm,,,,0,,0,,26,805,
29,UK107189502849,BRITISH FRIESIAN X,Female,25/09/2017,23/02/2020,2 yrs  5 mths,,23/02/2020,31/377/0042 Nafferton Farm,,,,0,,0,,29,881,
109,UK107189202895,HOLSTEIN FRIESIAN,Female,21/11/2017,23/02/2020,2 yrs  3 mths,,23/02/2020,31/377/0042 Nafferton Farm,,,,0,,0,,27,824,
,UK107189502898,HOLSTEIN FRIESIAN,Female,22/11/2017,23/02/2020,2 yrs  3 mths,,23/02/2020,31/377/0042 Nafferton Farm,,,,0,,982000176126284,,27,823,
698,UK107189703278,HOLSTEIN FRIESIAN,Female,24/03/2019,24/02/2020,0 yrs  11 mths,Newcastle University,09/04/2021,31/377/0042 Nafferton Farm,,,,0,,982000176308689,,24,747,
699,UK107189103279,HOLSTEIN FRIESIAN,Female,24/03/2019,24/02/2020,0 yrs  11 mths,Newcastle University,09/04/2021,31/377/0042 Nafferton Farm,,,,0,,982000176308643,,24,747,
3295,UK107189303295,HOLSTEIN FRIESIAN,Female,01/04/2019,24/02/2020,0 yrs  10 mths,Newcastle University,09/04/2021,31/377/0042 Nafferton Farm,,,,0,,982000176308656,,24,739,
3301,UK107189203301,HOLSTEIN FRIESIAN,Female,05/04/2019,24/02/2020,0 yrs  10 mths,Newcastle University,09/04/2021,31/377/0042 Nafferton Farm,,,,0,,982000176308646,,24,735,
3308,UK107189203308,HOLSTEIN FRIESIAN,Female,11/04/2019,24/02/2020,0 yrs  10 mths,Newcastle University,09/04/2021,31/377/0042 Nafferton Farm,,,,0,,982000176308661,,24,729,
3311,UK107189503311,HOLSTEIN FRIESIAN,Female,13/04/2019,24/02/2020,0 yrs  10 mths,Newcastle University,09/04/2021,31/377/0042 Nafferton Farm,,,,0,,982000176308633,,24,727,
3313,UK107189703313,HOLSTEIN FRIESIAN,Female,14/04/2019,24/02/2020,0 yrs  10 mths,Newcastle University,23/02/2021,31/377/0042 Nafferton Farm,,,,0,,982000176208385,,22,681,
3318,UK107189503318,HOLSTEIN FRIESIAN X,Female,27/04/2019,24/02/2020,0 yrs  10 mths,Newcastle University,09/04/2021,31/377/0042 Nafferton Farm,,,,0,,982000176308725,,23,713,
3321,UK107189103321,HOLSTEIN FRIESIAN,Female,07/05/2019,24/02/2020,0 yrs  9 mths,Newcastle University,09/04/2021,31/377/0042 Nafferton Farm,,,,0,,982000176308630,,23,703,
3325,UK107189503325,HOLSTEIN FRIESIAN X,Female,08/05/2019,24/02/2020,0 yrs  9 mths,Newcastle University,09/04/2021,31/377/0042 Nafferton Farm,,,,0,,982000176308698,,23,702,
3326,UK107189603326,HOLSTEIN FRIESIAN,Female,09/05/2019,24/02/2020,0 yrs  9 mths,Newcastle University,09/04/2021,31/377/0042 Nafferton Farm,,,,0,,982000176308637,,23,701,
3327,UK107189703327,Swedish Red X,Female,09/05/2019,24/02/2020,0 yrs  9 mths,Newcastle University,09/04/2021,31/377/0042 Nafferton Farm,,,,0,,982000176308640,,23,701,
3328,UK107189103328,HOLSTEIN FRIESIAN,Female,14/05/2019,24/02/2020,0 yrs  9 mths,Newcastle University,23/02/2021,31/377/0042 Nafferton Farm,,,,0,,982000176308652,,21,651,
719,UK107189203357,HOLSTEIN FRIESIAN,Female,17/07/2019,24/02/2020,0 yrs  7 mths,Newcastle University,09/04/2021,31/377/0042 Nafferton Farm,,,,0,,982000176308655,,21,632,
720,UK107189603361,Holstein,Female,24/07/2019,24/02/2020,0 yrs  7 mths,Newcastle University,09/04/2021,31/377/0042 Nafferton Farm,,,,0,,982000176308629,,20,625,
721,UK107189703362,HOLSTEIN FRIESIAN,Female,24/07/2019,24/02/2020,0 yrs  7 mths,Newcastle University,09/04/2021,31/377/0042 Nafferton Farm,,,,0,,982000176308692,,20,625,
722,UK107189103363,Holstein,Female,26/07/2019,24/02/2020,0 yrs  7 mths,Newcastle University,09/04/2021,31/377/0042 Nafferton Farm,,,,0,,982000176308670,,20,623,
3364,UK107189203364,HOLSTEIN FRIESIAN,Female,31/08/2019,24/02/2020,0 yrs  6 mths,Newcastle University,09/04/2021,31/377/0042 Nafferton Farm,,,,0,,982000176308635,,19,587,
3366,UK107189403366,HOLSTEIN FRIESIAN,Female,31/08/2019,24/02/2020,0 yrs  6 mths,Newcastle University,09/04/2021,31/377/0042 Nafferton Farm,,,,0,,982000176308694,,19,587,
3367,UK107189503367,HOLSTEIN FRIESIAN,Female,30/08/2019,24/02/2020,0 yrs  6 mths,Newcastle University,,,,,,0,,0,,19,599,
3370,UK107189103370,HOLSTEIN FRIESIAN,Female,27/08/2019,24/02/2020,0 yrs  6 mths,Newcastle University,,,,,,0,,982000176308721,,20,602,
3380,UK107189403380,HOLSTEIN FRIESIAN,Female,21/09/2019,24/02/2020,0 yrs  5 mths,Newcastle University,,,12/12/2019,Warrens,,0,,0,,2,82,
3381,UK107189503381,HOLSTEIN FRIESIAN,Female,22/09/2019,24/02/2020,0 yrs  5 mths,Newcastle University,,,,,,0,,982000176308696,,19,576,
3382,UK107189603382,HOLSTEIN FRIESIAN,Female,22/09/2019,24/02/2020,0 yrs  5 mths,Newcastle University,,,07/12/2020,Warrens,,0,,0,,14,442,
3392,UK107189203392,HOLSTEIN FRIESIAN,Female,03/10/2019,24/02/2020,0 yrs  4 mths,Newcastle University,09/04/2021,31/377/0042 Nafferton Farm,,,,0,,982000176308713,,18,554,
3395,UK107189503395,HOLSTEIN FRIESIAN,Female,08/10/2019,24/02/2020,0 yrs  4 mths,Newcastle University,,,02/12/2020,Warrens,,0,,982000176144277,,14,421,
3397,UK107189703397,HOLSTEIN FRIESIAN,Female,14/10/2019,24/02/2020,0 yrs  4 mths,Newcastle University,,,,,,0,,982000176144246,,18,554,
3398,UK107189103398,HOLSTEIN FRIESIAN,Female,14/10/2019,24/02/2020,0 yrs  4 mths,Newcastle University,09/04/2021,31/377/0042 Nafferton Farm,,,,0,,982000176144278,,18,543,
,UK107189103405,HOLSTEIN FRIESIAN,Female,01/01/2020,24/02/2020,0 yrs  1 mths,Newcastle University,,,,,,0,,982000176144280,,15,475,
3402,UK107189503402,HOLSTEIN FRIESIAN,Female,03/11/2019,24/02/2020,0 yrs  3 mths,Newcastle University,09/04/2021,31/377/0042 Nafferton Farm,,,,0,,982000176144239,,17,523,
3403,UK107189603403,HOLSTEIN FRIESIAN,Female,03/11/2019,24/02/2020,0 yrs  3 mths,Newcastle University,09/04/2021,31/377/0042 Nafferton Farm,,,,0,,982000176308648,,17,523,
3404,UK107189703404,HOLSTEIN FRIESIAN,Female,03/11/2019,24/02/2020,0 yrs  3 mths,Newcastle University,,,,,,0,,982000176144241,,17,534,
3406,UK107189203406,Swedish Red X,Female,03/11/2019,24/02/2020,0 yrs  3 mths,Newcastle University,,,,,,0,,982000176144284,,17,534,
3407,UK107189303407,HOLSTEIN FRIESIAN,Female,03/11/2019,24/02/2020,0 yrs  3 mths,Newcastle University,09/04/2021,31/377/0042 Nafferton Farm,,,,0,,982000176308714,,17,523,
,UK107189503472,HOLSTEIN FRIESIAN,Female,07/01/2020,24/02/2020,0 yrs  1 mths,Newcastle University,,,04/04/2020,Warrens,,0,,982000176157038,,2,88,
,UK107189603473,HOLSTEIN FRIESIAN,Female,10/01/2020,24/02/2020,0 yrs  1 mths,Newcastle University,,,,,,0,,982000176157039,,15,466,
,UK107189103475,Holstein,Female,30/12/2019,24/02/2020,0 yrs  2 mths,Newcastle University,09/04/2021,31/377/0042 Nafferton Farm,,,,0,,982000176157041,,15,466,
,UK107189403429,HOLSTEIN FRIESIAN,Female,28/12/2019,24/02/2020,0 yrs  2 mths,Newcastle University,,,,,,0,,982000176144282,,15,479,
,UK107189303428,HOLSTEIN FRIESIAN,Male,28/12/2019,24/02/2020,0 yrs  2 mths,Newcastle University,,,10/04/2020,Warrens,,0,,0,,3,104,
,UK107189503430,HOLSTEIN FRIESIAN,Female,28/12/2019,24/02/2020,0 yrs  2 mths,Newcastle University,,,,,,0,,982000176144254,,15,479,
,UK107189103419,HOLSTEIN FRIESIAN,Female,28/12/2019,24/02/2020,0 yrs  2 mths,Newcastle University,09/04/2021,31/377/0042 Nafferton Farm,,,,0,,982000176144281,,15,468,
,UK107189303421,HOLSTEIN FRIESIAN,Female,28/12/2019,24/02/2020,0 yrs  2 mths,Newcastle University,09/04/2021,31/377/0042 Nafferton Farm,,,,0,,982000176308631,,15,468,
,UK107189403422,HOLSTEIN FRIESIAN,Female,29/12/2019,24/02/2020,0 yrs  2 mths,Newcastle University,,,,,,0,,982000176144251,,15,478,
,UK107189603424,HOLSTEIN FRIESIAN,Female,29/12/2019,24/02/2020,0 yrs  2 mths,Newcastle University,,,,,,0,,982000176308649,,15,478,
,UK107189203427,HOLSTEIN FRIESIAN X,Female,30/12/2019,24/02/2020,0 yrs  2 mths,Newcastle University,09/04/2021,31/377/0042 Nafferton Farm,,,,0,,982000176308657,,15,466,
,UK107189103426,Swedish Red X,Female,30/12/2019,24/02/2020,0 yrs  2 mths,Newcastle University,,,,,,0,,982000176308639,,15,477,
,UK107189503423,HOLSTEIN FRIESIAN,Female,30/12/2019,24/02/2020,0 yrs  2 mths,Newcastle University,09/04/2021,31/377/0042 Nafferton Farm,,,,0,,982000176308662,,15,466,
,UK107189203434,Holstein,Female,30/12/2019,24/02/2020,0 yrs  2 mths,Newcastle University,,,,,,0,,982000176308708,,15,477,
,UK107189203476,HOLSTEIN FRIESIAN,Female,01/01/2020,24/02/2020,0 yrs  1 mths,Newcastle University,09/04/2021,31/377/0042 Nafferton Farm,,,,0,,982000176157042,,15,464,
,UK107189103433,HOLSTEIN FRIESIAN,Female,01/01/2020,24/02/2020,0 yrs  1 mths,Newcastle University,,,,,,0,,982000176308704,,15,475,
,UK107189303435,HOLSTEIN FRIESIAN,Female,01/01/2020,24/02/2020,0 yrs  1 mths,Newcastle University,,,,,,0,,982000176308628,,15,475,
,UK107189603431,HOLSTEIN X,Female,01/01/2020,24/02/2020,0 yrs  1 mths,Newcastle University,,,,,,0,,982000176308681,,15,475,
3369,UK107189703369,HOLSTEIN FRIESIAN,Female,27/08/2019,24/02/2020,0 yrs  6 mths,Newcastle University,09/04/2021,31/377/0042 Nafferton Farm,,,,0,,0,,19,591,
3373,UK107189403373,HOLSTEIN FRIESIAN,Female,01/09/2019,24/02/2020,0 yrs  5 mths,Newcastle University,09/04/2021,31/377/0042 Nafferton Farm,,,,0,,982000176308653,,19,586,
3400,UK107189303400,HOLSTEIN FRIESIAN,Female,15/10/2019,24/02/2020,0 yrs  4 mths,Newcastle University,,,,,,0,,0,,18,553,
,UK107189203462,HOLSTEIN FRIESIAN,Female,02/01/2020,13/05/2020,0 yrs  4 mths,Newcastle University,,,,,,0,,982000176157028,,15,474,
,UK107189103454,HOLSTEIN FRIESIAN,Female,01/01/2020,13/05/2020,0 yrs  4 mths,Newcastle University,,,,,,0,,982000176157020,,15,475,
,UK107189603480,HOLSTEIN FRIESIAN,Female,25/01/2020,13/05/2020,0 yrs  4 mths,Newcastle University,,,,,,0,,982000176157046,,15,451,
,UK107189603487,HOLSTEIN FRIESIAN,Female,03/03/2020,13/05/2020,0 yrs  2 mths,Newcastle University,,,,,,0,,982000176157053,,13,413,
,UK107189303477,HOLSTEIN FRIESIAN X,Female,12/01/2020,13/05/2020,0 yrs  4 mths,Newcastle University,,,,,,0,,982000176157043,,15,464,
,UK107189703467,HOLSTEIN FRIESIAN,Female,05/01/2020,13/05/2020,0 yrs  4 mths,Newcastle University,,,,,,0,,982000176157033,,15,471,
,UK107189303484,Swedish Red X,Female,07/02/2020,13/05/2020,0 yrs  3 mths,Newcastle University,,,,,,0,,982000176157050,,14,438,
,UK107189603466,HOLSTEIN FRIESIAN,Female,05/01/2020,13/05/2020,0 yrs  4 mths,Newcastle University,,,,,,0,,982000176157032,,15,471,
,UK107189203469,Swedish Red X,Female,06/01/2020,13/05/2020,0 yrs  4 mths,Newcastle University,,,,,,0,,982000176157035,,15,470,
,UK107189503486,HOLSTEIN FRIESIAN,Female,24/02/2020,13/05/2020,0 yrs  3 mths,Newcastle University,,,,,,0,,982000176157052,,14,421,
,UK107189403478,HOLSTEIN FRIESIAN,Female,21/01/2020,13/05/2020,0 yrs  4 mths,Newcastle University,,,,,,0,,982000176157044,,15,455,
,UK107189403471,HOLSTEIN FRIESIAN,Female,07/01/2020,13/05/2020,0 yrs  4 mths,Newcastle University,,,,,,0,,982000176157037,,15,469,
,UK107189503409,HOLSTEIN FRIESIAN,Bull,03/11/2019,13/05/2020,0 yrs  6 mths,Newcastle University,09/04/2021,31/377/0042 Nafferton Farm,,,,0,,0,,17,523,
,UK107189303505,BRITISH FRIESIAN X,Female,10/04/2020,13/05/2020,0 yrs  1 mths,Newcastle University,08/06/2020,31/377/0042 Nafferton Farm,,,,0,,982000176157071,,1,59,
,UK107189203490,HOLSTEIN FRIESIAN,Female,03/03/2020,13/05/2020,0 yrs  2 mths,Newcastle University,,,,,,0,,982000176157056,,13,413,
,UK107189503507,HOLSTEIN FRIESIAN,Female,12/04/2020,13/05/2020,0 yrs  1 mths,Newcastle University,,,,,,0,,982000176157073,,12,373,
,UK107189303491,HOLSTEIN FRIESIAN,Female,02/03/2020,13/05/2020,0 yrs  2 mths,Newcastle University,,,,,,0,,982000176157057,,13,414,
,UK107189503493,HOLSTEIN FRIESIAN,Female,10/04/2020,13/05/2020,0 yrs  1 mths,Newcastle University,,,,,,0,,982000176157059,,12,375,
3414,UK107189303414,HOLSTEIN FRIESIAN,Female,15/11/2019,14/05/2020,0 yrs  6 mths,Newcastle University,,,,,,0,,982000176308673,,17,522,
,UK107189703432,Swedish Red X,Female,29/12/2019,14/05/2020,0 yrs  5 mths,Newcastle University,,,,,,0,,0,,15,478,
3411,UK107189703411,HOLSTEIN FRIESIAN,Female,28/11/2019,22/06/2020,0 yrs  7 mths,Newcastle University,,,,,,0,,982000176308666,,16,509,
,UK107189203455,HOLSTEIN FRIESIAN X,Female,02/01/2020,22/06/2020,0 yrs  5 mths,Newcastle University,09/04/2021,31/377/0042 Nafferton Farm,,,,0,,982000176157021,,15,463,
2678,UK106710102678,HOLSTEIN FRIESIAN,Female,04/01/2018,21/12/2020,2 yrs  11 mths,,08/06/2020,31/377/0042 Nafferton Farm,,,,0,,982000176126202,,29,886,
2681,UK106710402681,HOLSTEIN FRIESIAN,Female,09/01/2018,21/12/2020,2 yrs  11 mths,,08/06/2020,31/377/0042 Nafferton Farm,,,,0,,982000176126204,,29,881,
2737,UK106710402737,HOLSTEIN FRIESIAN,Female,12/04/2018,21/12/2020,2 yrs  8 mths,,21/12/2020,31/377/0042 Nafferton Farm,,,,0,,982000176126214,,32,984,
,UK107189402736,HOLSTEIN FRIESIAN X,Female,22/12/2016,21/12/2020,4 yrs  0 mths,,21/12/2020,31/377/0042 Nafferton Farm,,,,0,,982000176126226,,48,1460,
,UK107189302910,HOLSTEIN FRIESIAN,Female,04/12/2017,22/12/2020,3 yrs  0 mths,,23/02/2020,31/377/0042 Nafferton Farm,,,,0,,982000176126288,,27,811,
,UK107189203497,HOLSTEIN FRIESIAN,Female,02/04/2020,16/02/2021,0 yrs  10 mths,Newcastle University,,,,,,0,,982000176157063,,12,383,
,UK107189203595,LONGHORN X,Female,10/11/2020,16/02/2021,0 yrs  3 mths,Newcastle University,,,,,,0,,982000176157161,,5,161,
,UK107189303519,HOLSTEIN FRIESIAN,Female,10/04/2020,16/02/2021,0 yrs  10 mths,Newcastle University,,,,,,0,,982000176157085,,12,375,
,UK107189303533,HOLSTEIN FRIESIAN,Female,24/04/2020,16/02/2021,0 yrs  10 mths,Newcastle University,,,,,,0,,982000176157099,,12,361,
,UK107189303589,BRITISH BLUE X,Bull,05/11/2020,16/02/2021,0 yrs  3 mths,Newcastle University,,,,,,0,,982000176157155,,5,166,
,UK107189303596,BRITISH FRIESIAN X,Bull,15/11/2020,16/02/2021,0 yrs  3 mths,Newcastle University,,,,,,0,,982000176157162,,5,156,
,UK 107189 303624,ABERDEEN ANGUS X,Bull,18/07/2020,16/02/2021,0 yrs  7 mths,Newcastle University,,,,,,0,,982000176157190,,9,276,
,UK107189403527,HOLSTEIN FRIESIAN,Female,10/04/2020,16/02/2021,0 yrs  10 mths,Newcastle University,,,,,,0,,982000176157093,,12,375,
,UK107189403590,LONGHORN X,Female,10/11/2020,16/02/2021,0 yrs  3 mths,Newcastle University,,,,,,0,,982000176157156,,5,161,
,UK107189403597,LONGHORN X,Female,15/11/2020,16/02/2021,0 yrs  3 mths,Newcastle University,,,,,,0,,982000176157163,,5,156,
,UK107189503584,LONGHORN X,Bull,06/11/2020,16/02/2021,0 yrs  3 mths,Newcastle University,,,,,,0,,982000176157150,,5,165,
,UK107189603515,HOLSTEIN FRIESIAN,Female,15/04/2020,16/02/2021,0 yrs  10 mths,Newcastle University,,,,,,0,,982000176157081,,12,370,
,UK107189603585,LONGHORN X,Female,06/11/2020,16/02/2021,0 yrs  3 mths,Newcastle University,,,,,,0,,982000176157151,,5,165,
,UK107189603592,LONGHORN X,Bull,10/11/2020,16/02/2021,0 yrs  3 mths,Newcastle University,,,,,,0,,982000176157158,,5,161,
,UK107189603676,LONGHORN X,Female,20/09/2020,16/02/2021,0 yrs  5 mths,Newcastle University,,,,,,0,,982000176157242,,7,212,
,UK107189403681,LONGHORN X,Bull,01/10/2020,16/02/2021,0 yrs  4 mths,Newcastle University,,,,,,0,,982000176157247,,6,201,
,UK107189403688,LONGHORN X,Bull,07/10/2020,16/02/2021,0 yrs  4 mths,Newcastle University,,,,,,0,,982000176157254,,6,195,
,UK107189503570,LONGHORN X,Bull,27/10/2020,16/02/2021,0 yrs  4 mths,Newcastle University,,,,,,0,,982000176157136,,5,175,
,UK107189503577,LONGHORN X,Female,01/11/2020,16/02/2021,0 yrs  3 mths,Newcastle University,,,,,,0,,982000176157143,,5,170,
,UK107189503633,LONGHORN X,Female,25/08/2020,16/02/2021,0 yrs  6 mths,Newcastle University,,,,,,0,,982000176157199,,7,238,
,UK107189503640,LONGHORN X,Female,30/08/2020,16/02/2021,0 yrs  6 mths,Newcastle University,,,,,,0,,982000176157206,,7,233,
,UK107189503682,LONGHORN X,Female,01/10/2020,16/02/2021,0 yrs  4 mths,Newcastle University,,,,,,0,,982000176157248,,6,201,
,UK107189503689,LONGHORN X,Female,07/10/2020,16/02/2021,0 yrs  4 mths,Newcastle University,,,,,,0,,982000176157255,,6,195,
,UK107189603557,ABERDEEN ANGUS X,Female,14/08/2020,16/02/2021,0 yrs  6 mths,Newcastle University,,,,,,0,,982000176157123,,8,249,
,UK107189603571,LONGHORN X,Bull,27/10/2020,16/02/2021,0 yrs  4 mths,Newcastle University,,,,,,0,,982000176157137,,5,175,
,UK107189603578,LONGHORN X,Female,30/10/2020,16/02/2021,0 yrs  4 mths,Newcastle University,,,,,,0,,982000176157144,,5,172,
,UK107189603641,Shorthorn,Bull,30/08/2020,16/02/2021,0 yrs  6 mths,Newcastle University,,,,,,0,,982000176157207,,7,233,
,UK107189603655,LONGHORN X,Female,03/09/2020,16/02/2021,0 yrs  5 mths,Newcastle University,,,,,,0,,982000176157221,,7,229,
,UK107189603683,LONGHORN X,Female,01/10/2020,16/02/2021,0 yrs  4 mths,Newcastle University,,,,,,0,,982000176157249,,6,201,
,UK107189703558,Longhorn,Female,23/08/2020,16/02/2021,0 yrs  6 mths,Newcastle University,,,,,,0,,982000176157124,,8,240,
,UK107189703572,ABERDEEN ANGUS X,Female,30/10/2020,16/02/2021,0 yrs  4 mths,Newcastle University,,,,,,0,,982000176157138,,5,172,
,UK107189703579,LONGHORN X,Bull,30/10/2020,16/02/2021,0 yrs  4 mths,Newcastle University,,,,,,0,,982000176157145,,5,172,
,UK107189703635,LONGHORN X,Bull,27/08/2020,16/02/2021,0 yrs  6 mths,Newcastle University,,,,,,0,,982000176157201,,7,236,
,UK107189703642,ABERDEEN ANGUS X,Female,31/08/2020,16/02/2021,0 yrs  6 mths,Newcastle University,,,,,,0,,982000176157208,,7,232,
,UK107189703663,LONGHORN X,Female,13/09/2020,16/02/2021,0 yrs  5 mths,Newcastle University,,,,,,0,,982000176157229,,7,219,
,UK107189703677,LONGHORN X,Female,20/09/2020,16/02/2021,0 yrs  5 mths,Newcastle University,,,,,,0,,982000176157243,,7,212,
,UK107189703684,LONGHORN X,Bull,02/10/2020,16/02/2021,0 yrs  4 mths,Newcastle University,,,,,,0,,982000176157250,,6,200,
,UK107189703691,LONGHORN X,Female,07/10/2020,16/02/2021,0 yrs  4 mths,Newcastle University,,,,,,0,,982000176157257,,6,195,
,UK107189203679,LONGHORN X,Female,01/10/2020,16/02/2021,0 yrs  4 mths,Newcastle University,,,,,,0,,982000176157245,,6,201,
,UK107189303568,ABERDEEN ANGUS X,Female,27/10/2020,16/02/2021,0 yrs  4 mths,Newcastle University,,,,,,0,,982000176157134,,5,175,
,UK107189303575,LONGHORN X,Bull,01/11/2020,16/02/2021,0 yrs  3 mths,Newcastle University,,,,,,0,,982000176157141,,5,170,
,UK107189303582,LONGHORN X,Bull,02/11/2020,16/02/2021,0 yrs  3 mths,Newcastle University,,,,,,0,,982000176157148,,5,169,
,UK107189303631,LONGHORN X,Female,25/08/2020,16/02/2021,0 yrs  6 mths,Newcastle University,,,,,,0,,982000176157197,,7,238,
,UK107189303638,LONGHORN X,Female,27/08/2020,16/02/2021,0 yrs  6 mths,Newcastle University,,,,,,0,,982000176157204,,7,236,
,UK107189303645,Shorthorn,Bull,31/08/2020,16/02/2021,0 yrs  6 mths,Newcastle University,,,,,,0,,982000176157211,,7,232,
,UK107189303652,LONGHORN X,Bull,02/09/2020,16/02/2021,0 yrs  5 mths,Newcastle University,,,,,,0,,982000176157218,,7,230,
,UK107189303659,LONGHORN X,Female,04/09/2020,16/02/2021,0 yrs  5 mths,Newcastle University,,,,,,0,,0,,7,228,
,UK107189303673,LONGHORN X,Female,19/09/2020,16/02/2021,0 yrs  5 mths,Newcastle University,,,,,,0,,982000176157239,,7,213,
,UK107189303680,DAIRY SHORTHORN X,Bull,01/10/2020,16/02/2021,0 yrs  4 mths,Newcastle University,,,,,,0,,982000176157246,,6,201,
,UK107189303687,HOLSTEIN FRIESIAN,Female,07/10/2020,16/02/2021,0 yrs  4 mths,Newcastle University,,,,,,0,,982000176157253,,6,195,
,UK107189403576,LONGHORN X,Bull,01/11/2020,16/02/2021,0 yrs  3 mths,Newcastle University,,,,,,0,,982000176157142,,5,170,
,UK107189403625,LONGHORN X,Bull,05/08/2020,16/02/2021,0 yrs  6 mths,Newcastle University,,,,,,0,,982000176157191,,8,258,
,UK107189403632,LONGHORN X,Female,25/08/2020,16/02/2021,0 yrs  6 mths,Newcastle University,,,,,,0,,982000176157198,,7,238,
,UK107189403646,LONGHORN X,Bull,31/08/2020,16/02/2021,0 yrs  6 mths,Newcastle University,,,,,,0,,982000176157212,,7,232,
,UK107189403653,LONGHORN X,Female,02/09/2020,16/02/2021,0 yrs  5 mths,Newcastle University,,,,,,0,,982000176157219,,7,230,
,UK107189403660,LONGHORN X,Female,04/09/2020,16/02/2021,0 yrs  5 mths,Newcastle University,,,,,,0,,982000176157226,,7,228,
,UK107189403674,LONGHORN X,Bull,19/09/2020,16/02/2021,0 yrs  5 mths,Newcastle University,,,,,,0,,982000176157240,,7,213,
,UK107189103559,LONGHORN X,Female,23/08/2020,16/02/2021,0 yrs  6 mths,Newcastle University,,,,,,0,,982000176157125,,8,240,
,UK107189103566,LONGHORN X,Bull,27/10/2020,16/02/2021,0 yrs  4 mths,Newcastle University,,,,,,0,,982000176157132,,5,175,
,UK107189103573,ABERDEEN ANGUS X,Bull,30/10/2020,16/02/2021,0 yrs  4 mths,Newcastle University,,,,,,0,,982000176157139,,5,172,
,UK107189103580,LONGHORN X,Female,30/10/2020,16/02/2021,0 yrs  4 mths,Newcastle University,,,,,,0,,982000176157146,,5,172,
,UK107189103629,LONGHORN X,Bull,24/08/2020,16/02/2021,0 yrs  6 mths,Newcastle University,,,,,,0,,982000176157195,,7,239,
,UK107189103636,LONGHORN X,Female,27/08/2020,16/02/2021,0 yrs  6 mths,Newcastle University,,,,,,0,,982000176157202,,7,236,
,UK107189103643,LONGHORN X,Bull,31/08/2020,16/02/2021,0 yrs  6 mths,Newcastle University,,,,,,0,,982000176157209,,7,232,
,UK107189103657,LONGHORN X,Female,03/09/2020,16/02/2021,0 yrs  5 mths,Newcastle University,,,,,,0,,982000176157223,,7,229,
,UK107189103671,LONGHORN X,Bull,13/09/2020,16/02/2021,0 yrs  5 mths,Newcastle University,,,,,,0,,982000176157237,,7,219,
,UK107189103685,LONGHORN X,Bull,02/10/2020,16/02/2021,0 yrs  4 mths,Newcastle University,,,,,,0,,982000176157251,,6,200,
,UK107189203560,LONGHORN X,Female,24/08/2020,16/02/2021,0 yrs  6 mths,Newcastle University,,,,,,0,,982000176157126,,7,239,
,UK107189203567,LONGHORN X,Female,27/10/2020,16/02/2021,0 yrs  4 mths,Newcastle University,,,24/02/2021,,,0,,982000176157133,,4,120,
,UK107189203581,LONGHORN X,Female,30/10/2020,16/02/2021,0 yrs  4 mths,Newcastle University,,,,,,0,,982000176157147,,5,172,
,UK107189203630,LONGHORN X,Female,24/08/2020,16/02/2021,0 yrs  6 mths,Newcastle University,,,,,,0,,982000176157196,,7,239,
,UK107189203637,LONGHORN X,Bull,27/08/2020,16/02/2021,0 yrs  6 mths,Newcastle University,,,,,,0,,982000176157203,,7,236,
,UK107189203644,LONGHORN X,Bull,27/08/2020,16/02/2021,0 yrs  6 mths,Newcastle University,,,,,,0,,982000176157210,,7,236,
,UK107189203672,LONGHORN X,Female,19/09/2020,16/02/2021,0 yrs  5 mths,Newcastle University,,,,,,0,,982000176157238,,7,213,
